key,dev_duration_days,review_duration_days,test_duration_days
BOOKKEEPER-680,,,
BOOKKEEPER-14,,,
BOOKKEEPER-10,,,
BOOKKEEPER-691,,,
BOOKKEEPER-694,,,
BOOKKEEPER-2,,,
BOOKKEEPER-693,,,
BOOKKEEPER-17,,,
BOOKKEEPER-5,,,
BOOKKEEPER-11,,,
BOOKKEEPER-12,,,
BOOKKEEPER-692,,,
BOOKKEEPER-1,,,
BOOKKEEPER-18,,,
BOOKKEEPER-19,,,
BOOKKEEPER-21,,,
BOOKKEEPER-22,,,
BOOKKEEPER-23,,,
BOOKKEEPER-24,,,
BOOKKEEPER-26,,,
BOOKKEEPER-27,,,
BOOKKEEPER-28,,,
BOOKKEEPER-29,,,
BOOKKEEPER-30,,,
BOOKKEEPER-31,2268.0831597222223,0.1053587962962963,20.25297453703704
BOOKKEEPER-32,,,
BOOKKEEPER-33,,,
BOOKKEEPER-34,,,
BOOKKEEPER-36,,,
BOOKKEEPER-38,,,
BOOKKEEPER-39,,,
BOOKKEEPER-40,,,
BOOKKEEPER-41,,,
BOOKKEEPER-42,,,
BOOKKEEPER-43,,,
BOOKKEEPER-44,,,
BOOKKEEPER-46,,,
BOOKKEEPER-48,,,
BOOKKEEPER-50,,,
BOOKKEEPER-51,,,
BOOKKEEPER-52,,,
BOOKKEEPER-53,,,
BOOKKEEPER-55,,,
BOOKKEEPER-56,,,
BOOKKEEPER-57,,,
BOOKKEEPER-58,,,
BOOKKEEPER-59,,,
BOOKKEEPER-61,,,
BOOKKEEPER-62,,,
BOOKKEEPER-63,,,
BOOKKEEPER-64,,,
BOOKKEEPER-65,,,
BOOKKEEPER-66,,,
BOOKKEEPER-68,,,
BOOKKEEPER-69,,,
BOOKKEEPER-70,,,
BOOKKEEPER-71,,,
BOOKKEEPER-72,,,
BOOKKEEPER-74,,,
BOOKKEEPER-77,,,
BOOKKEEPER-78,,,
BOOKKEEPER-79,,,
BOOKKEEPER-80,,,
BOOKKEEPER-81,,,
BOOKKEEPER-82,,,
BOOKKEEPER-83,,,
BOOKKEEPER-84,,,
BOOKKEEPER-85,,,
BOOKKEEPER-86,,,
BOOKKEEPER-87,,,
BOOKKEEPER-88,,,
BOOKKEEPER-89,,,
BOOKKEEPER-90,,,
BOOKKEEPER-91,,,
BOOKKEEPER-92,,,
BOOKKEEPER-93,,,
BOOKKEEPER-94,,,
BOOKKEEPER-95,,,
BOOKKEEPER-96,,,
BOOKKEEPER-97,,,
BOOKKEEPER-98,,,
BOOKKEEPER-100,,,
BOOKKEEPER-101,,,
BOOKKEEPER-102,,,
BOOKKEEPER-104,,,
BOOKKEEPER-106,,,
BOOKKEEPER-107,,,
BOOKKEEPER-108,,,
BOOKKEEPER-109,,,
BOOKKEEPER-111,,,
BOOKKEEPER-112,,,
BOOKKEEPER-113,,,
BOOKKEEPER-114,,,
BOOKKEEPER-115,,,
BOOKKEEPER-117,,,
BOOKKEEPER-118,,,
BOOKKEEPER-119,,,
BOOKKEEPER-120,,,
BOOKKEEPER-121,,,
BOOKKEEPER-122,,,
BOOKKEEPER-124,,,
BOOKKEEPER-125,,,
BOOKKEEPER-127,,,
BOOKKEEPER-128,,,
BOOKKEEPER-129,,,
BOOKKEEPER-131,,,
BOOKKEEPER-132,,,
BOOKKEEPER-133,,,
BOOKKEEPER-134,,,
BOOKKEEPER-135,,,
BOOKKEEPER-137,,,
BOOKKEEPER-138,,,
BOOKKEEPER-139,,,
BOOKKEEPER-140,,,
BOOKKEEPER-141,,,
BOOKKEEPER-142,,,
BOOKKEEPER-143,,,
BOOKKEEPER-145,,,
BOOKKEEPER-146,,,
BOOKKEEPER-147,,,
BOOKKEEPER-148,,,
BOOKKEEPER-149,,,
BOOKKEEPER-150,,,
BOOKKEEPER-152,,,
BOOKKEEPER-153,,,
BOOKKEEPER-156,,,
BOOKKEEPER-157,,,
BOOKKEEPER-158,,,
BOOKKEEPER-159,,,
BOOKKEEPER-160,,,
BOOKKEEPER-161,,,
BOOKKEEPER-162,,,
BOOKKEEPER-163,,,
BOOKKEEPER-164,,,
BOOKKEEPER-165,,,
BOOKKEEPER-166,,,
BOOKKEEPER-167,,,
BOOKKEEPER-168,,,
BOOKKEEPER-169,,,
BOOKKEEPER-170,,,
BOOKKEEPER-171,,,
BOOKKEEPER-172,,,
BOOKKEEPER-173,,,
BOOKKEEPER-174,,,
BOOKKEEPER-175,,,
BOOKKEEPER-176,,,
BOOKKEEPER-177,,,
BOOKKEEPER-178,,,
BOOKKEEPER-180,,,
BOOKKEEPER-181,,,
BOOKKEEPER-182,,,
BOOKKEEPER-183,,,
BOOKKEEPER-184,,,
BOOKKEEPER-185,,,
BOOKKEEPER-186,,,
BOOKKEEPER-187,,,
BOOKKEEPER-188,,,
BOOKKEEPER-189,,,
BOOKKEEPER-190,,,
BOOKKEEPER-191,,,
BOOKKEEPER-192,,,
BOOKKEEPER-193,,,
BOOKKEEPER-194,,,
BOOKKEEPER-195,,,
BOOKKEEPER-196,,,
BOOKKEEPER-197,,,
BOOKKEEPER-198,,,
BOOKKEEPER-199,,,
BOOKKEEPER-200,,,
BOOKKEEPER-202,,,
BOOKKEEPER-203,,,
BOOKKEEPER-204,,,
BOOKKEEPER-205,,,
BOOKKEEPER-207,,,
BOOKKEEPER-208,,,
BOOKKEEPER-209,,,
BOOKKEEPER-211,,,
BOOKKEEPER-212,,,
BOOKKEEPER-213,,,
BOOKKEEPER-214,,,
BOOKKEEPER-215,,,
BOOKKEEPER-216,,,
BOOKKEEPER-217,,,
BOOKKEEPER-218,,,
BOOKKEEPER-219,,,
BOOKKEEPER-220,,,
BOOKKEEPER-223,,,
BOOKKEEPER-224,,,
BOOKKEEPER-226,,,
BOOKKEEPER-227,,,
BOOKKEEPER-228,,,
BOOKKEEPER-229,,,
BOOKKEEPER-231,,,
BOOKKEEPER-232,,,
BOOKKEEPER-233,,,
BOOKKEEPER-234,,,
BOOKKEEPER-235,,,
BOOKKEEPER-236,,,
BOOKKEEPER-237,,,
BOOKKEEPER-238,,,
BOOKKEEPER-239,,,
BOOKKEEPER-240,,,
BOOKKEEPER-243,,,
BOOKKEEPER-241,,,
BOOKKEEPER-242,,,
BOOKKEEPER-245,,,
BOOKKEEPER-246,,,
BOOKKEEPER-247,,,
BOOKKEEPER-248,,,
BOOKKEEPER-249,,,
BOOKKEEPER-250,,,
BOOKKEEPER-251,,,
BOOKKEEPER-252,,,
BOOKKEEPER-254,,,
BOOKKEEPER-257,,,
BOOKKEEPER-258,,,
BOOKKEEPER-259,,,
BOOKKEEPER-260,,,
BOOKKEEPER-262,,,
BOOKKEEPER-263,,,
BOOKKEEPER-265,,,
BOOKKEEPER-266,,,
BOOKKEEPER-268,,,
BOOKKEEPER-269,,,
BOOKKEEPER-270,,,
BOOKKEEPER-271,,,
BOOKKEEPER-272,,,
BOOKKEEPER-275,,,
BOOKKEEPER-273,,,
BOOKKEEPER-274,,,
BOOKKEEPER-276,,,
BOOKKEEPER-278,,,
BOOKKEEPER-279,,,
BOOKKEEPER-280,,,
BOOKKEEPER-281,,,
BOOKKEEPER-283,,,
BOOKKEEPER-285,,,
BOOKKEEPER-286,,,
BOOKKEEPER-287,,,
BOOKKEEPER-288,,,
BOOKKEEPER-289,,,
BOOKKEEPER-290,,,
BOOKKEEPER-291,,,
BOOKKEEPER-292,,,
BOOKKEEPER-293,,,
BOOKKEEPER-294,,,
BOOKKEEPER-296,,,
BOOKKEEPER-298,,,
BOOKKEEPER-299,,,
BOOKKEEPER-300,,,
BOOKKEEPER-302,,,
BOOKKEEPER-303,,,
BOOKKEEPER-304,,,
BOOKKEEPER-306,,,
BOOKKEEPER-307,,,
BOOKKEEPER-308,,,
BOOKKEEPER-309,,,
BOOKKEEPER-310,,,
BOOKKEEPER-311,,,
BOOKKEEPER-312,,,
BOOKKEEPER-313,,,
BOOKKEEPER-314,,,
BOOKKEEPER-315,,,
BOOKKEEPER-317,,,
BOOKKEEPER-318,,,
BOOKKEEPER-319,,,
BOOKKEEPER-320,,,
BOOKKEEPER-321,,,
BOOKKEEPER-322,,,
BOOKKEEPER-324,,,
BOOKKEEPER-325,,,
BOOKKEEPER-326,,,
BOOKKEEPER-327,,,
BOOKKEEPER-328,,,
BOOKKEEPER-329,,,
BOOKKEEPER-330,,,
BOOKKEEPER-331,,,
BOOKKEEPER-332,,,
BOOKKEEPER-333,,,
BOOKKEEPER-334,,,
BOOKKEEPER-335,,,
BOOKKEEPER-336,,,
BOOKKEEPER-337,,,
BOOKKEEPER-338,,,
BOOKKEEPER-339,,,
BOOKKEEPER-340,,,
BOOKKEEPER-341,,,
BOOKKEEPER-342,,,
BOOKKEEPER-343,,,
BOOKKEEPER-345,,,
BOOKKEEPER-346,,,
BOOKKEEPER-347,,,
BOOKKEEPER-348,,,
BOOKKEEPER-349,,,
BOOKKEEPER-351,,,
BOOKKEEPER-352,,,
BOOKKEEPER-354,,,
BOOKKEEPER-355,,,
BOOKKEEPER-363,,,
BOOKKEEPER-364,,,
BOOKKEEPER-365,,,
BOOKKEEPER-367,,,
BOOKKEEPER-368,,,
BOOKKEEPER-369,,,
BOOKKEEPER-370,,,
BOOKKEEPER-371,,,
BOOKKEEPER-372,,,
BOOKKEEPER-374,,,
BOOKKEEPER-375,,,
BOOKKEEPER-376,,,
BOOKKEEPER-377,,,
BOOKKEEPER-378,,,
BOOKKEEPER-380,,,
BOOKKEEPER-381,,,
BOOKKEEPER-382,,,
BOOKKEEPER-383,,,
BOOKKEEPER-384,,,
BOOKKEEPER-385,,,
BOOKKEEPER-386,,,
BOOKKEEPER-387,,,
BOOKKEEPER-388,,,
BOOKKEEPER-389,,,
BOOKKEEPER-390,1526.9714814814815,139.18148148148148,
BOOKKEEPER-391,1542.9647800925925,180.799375,0.0009027777777777
BOOKKEEPER-391,1542.9647800925925,180.799375,0.0009027777777777
BOOKKEEPER-392,,,
BOOKKEEPER-394,,,
BOOKKEEPER-395,,,
BOOKKEEPER-396,,,
BOOKKEEPER-397,,,
BOOKKEEPER-398,,,
BOOKKEEPER-399,,,
BOOKKEEPER-403,,,
BOOKKEEPER-404,,,
BOOKKEEPER-405,,,
BOOKKEEPER-408,,,
BOOKKEEPER-409,,,
BOOKKEEPER-411,,,
BOOKKEEPER-412,,,
BOOKKEEPER-413,,,
BOOKKEEPER-414,,,
BOOKKEEPER-415,,,
BOOKKEEPER-416,,,
BOOKKEEPER-417,,,
BOOKKEEPER-418,,,
BOOKKEEPER-422,,,
BOOKKEEPER-424,,,
BOOKKEEPER-425,,,
BOOKKEEPER-426,,,
BOOKKEEPER-427,,,
BOOKKEEPER-428,,,
BOOKKEEPER-429,,,
BOOKKEEPER-430,,,
BOOKKEEPER-431,,,
BOOKKEEPER-432,,,
BOOKKEEPER-434,,,
BOOKKEEPER-435,,,
BOOKKEEPER-436,,,
BOOKKEEPER-438,,,
BOOKKEEPER-439,,,
BOOKKEEPER-440,,,
BOOKKEEPER-441,,,
BOOKKEEPER-442,,,
BOOKKEEPER-444,,,
BOOKKEEPER-446,,,
BOOKKEEPER-447,,,
BOOKKEEPER-448,,,
BOOKKEEPER-449,,,
BOOKKEEPER-450,,,
BOOKKEEPER-452,,,
BOOKKEEPER-453,,,
BOOKKEEPER-454,,,
BOOKKEEPER-457,,,
BOOKKEEPER-458,,,
BOOKKEEPER-459,,,
BOOKKEEPER-460,,,
BOOKKEEPER-461,,,
BOOKKEEPER-463,,,
BOOKKEEPER-464,,,
BOOKKEEPER-465,,,
BOOKKEEPER-466,,,
BOOKKEEPER-467,,,
BOOKKEEPER-468,,,
BOOKKEEPER-469,,,
BOOKKEEPER-470,,,
BOOKKEEPER-471,,,
BOOKKEEPER-472,,,
BOOKKEEPER-473,,,
BOOKKEEPER-474,,,
BOOKKEEPER-475,,,
BOOKKEEPER-476,,,
BOOKKEEPER-477,,,
BOOKKEEPER-479,,,
BOOKKEEPER-480,,,
BOOKKEEPER-481,,,
BOOKKEEPER-482,,,
BOOKKEEPER-483,,,
BOOKKEEPER-484,,,
BOOKKEEPER-485,,,
BOOKKEEPER-487,,,
BOOKKEEPER-488,,,
BOOKKEEPER-490,,,
BOOKKEEPER-491,,,
BOOKKEEPER-492,,,
BOOKKEEPER-493,,,
BOOKKEEPER-494,,,
BOOKKEEPER-495,,,
BOOKKEEPER-496,,,
BOOKKEEPER-497,,,
BOOKKEEPER-498,,,
BOOKKEEPER-500,,,
BOOKKEEPER-502,,,
BOOKKEEPER-503,,,
BOOKKEEPER-504,,,
BOOKKEEPER-506,,,
BOOKKEEPER-507,,,
BOOKKEEPER-509,,,
BOOKKEEPER-510,,,
BOOKKEEPER-511,,,
BOOKKEEPER-512,,,
BOOKKEEPER-513,,,
BOOKKEEPER-514,,,
BOOKKEEPER-520,,,
BOOKKEEPER-521,,,
BOOKKEEPER-522,,,
BOOKKEEPER-523,,,
BOOKKEEPER-524,,,
BOOKKEEPER-525,,,
BOOKKEEPER-526,,,
BOOKKEEPER-529,,,
BOOKKEEPER-530,,,
BOOKKEEPER-531,,,
BOOKKEEPER-532,,,
BOOKKEEPER-533,,,
BOOKKEEPER-534,,,
BOOKKEEPER-537,,,
BOOKKEEPER-538,,,
BOOKKEEPER-539,,,
BOOKKEEPER-540,,,
BOOKKEEPER-541,,,
BOOKKEEPER-542,,,
BOOKKEEPER-543,,,
BOOKKEEPER-544,,,
BOOKKEEPER-546,,,
BOOKKEEPER-548,,,
BOOKKEEPER-549,,,
BOOKKEEPER-552,1489.6596412037038,73.92246527777777,0.0034837962962962
BOOKKEEPER-552,1489.6596412037038,73.92246527777777,0.0034837962962962
BOOKKEEPER-553,,,
BOOKKEEPER-554,,,
BOOKKEEPER-555,,,
BOOKKEEPER-556,,,
BOOKKEEPER-557,,,
BOOKKEEPER-559,,,
BOOKKEEPER-560,,,
BOOKKEEPER-561,,,
BOOKKEEPER-562,,,
BOOKKEEPER-563,,,
BOOKKEEPER-564,,,
BOOKKEEPER-565,,,
BOOKKEEPER-567,,,
BOOKKEEPER-568,,,
BOOKKEEPER-569,,,
BOOKKEEPER-571,,,
BOOKKEEPER-573,,,
BOOKKEEPER-574,,,
BOOKKEEPER-575,,,
BOOKKEEPER-576,,,
BOOKKEEPER-577,,,
BOOKKEEPER-578,1111.9389583333334,21.30304398148148,0.0001273148148148
BOOKKEEPER-579,,,
BOOKKEEPER-580,,,
BOOKKEEPER-581,,,
BOOKKEEPER-582,,,
BOOKKEEPER-583,,,
BOOKKEEPER-584,,,
BOOKKEEPER-585,,,
BOOKKEEPER-586,,,
BOOKKEEPER-587,,,
BOOKKEEPER-588,1372.1271412037038,223.2717824074074,0.4147222222222222
BOOKKEEPER-588,1372.1271412037038,223.2717824074074,0.4147222222222222
BOOKKEEPER-589,,,
BOOKKEEPER-590,,,
BOOKKEEPER-591,,,
BOOKKEEPER-592,,,
BOOKKEEPER-593,,,
BOOKKEEPER-594,1080.1050578703705,5.286840277777777,0.0001157407407407
BOOKKEEPER-595,,,
BOOKKEEPER-596,,,
BOOKKEEPER-597,,,
BOOKKEEPER-598,,,
BOOKKEEPER-599,,,
BOOKKEEPER-600,,,
BOOKKEEPER-601,,,
BOOKKEEPER-602,,,
BOOKKEEPER-603,,,
BOOKKEEPER-604,,,
BOOKKEEPER-605,,,
BOOKKEEPER-607,,,
BOOKKEEPER-608,,,
BOOKKEEPER-609,,,
BOOKKEEPER-610,,,
BOOKKEEPER-611,,,
BOOKKEEPER-612,1151.3960300925926,89.58502314814815,0.0003935185185185
BOOKKEEPER-613,,,
BOOKKEEPER-614,,,
BOOKKEEPER-615,,,
BOOKKEEPER-617,,,
BOOKKEEPER-618,,,
BOOKKEEPER-619,,,
BOOKKEEPER-620,,,
BOOKKEEPER-621,,,
BOOKKEEPER-622,,,
BOOKKEEPER-623,,,
BOOKKEEPER-624,,,
BOOKKEEPER-625,,,
BOOKKEEPER-626,,,
BOOKKEEPER-627,,,
BOOKKEEPER-628,,,
BOOKKEEPER-629,,,
BOOKKEEPER-630,,,
BOOKKEEPER-632,,,
BOOKKEEPER-633,,,
BOOKKEEPER-634,,,
BOOKKEEPER-635,,,
BOOKKEEPER-636,,,
BOOKKEEPER-637,,,
BOOKKEEPER-638,,,
BOOKKEEPER-639,,,
BOOKKEEPER-640,,,
BOOKKEEPER-641,,,
BOOKKEEPER-642,,,
BOOKKEEPER-643,,,
BOOKKEEPER-644,,,
BOOKKEEPER-645,,,
BOOKKEEPER-646,,,
BOOKKEEPER-649,,,
BOOKKEEPER-652,,,
BOOKKEEPER-653,,,
BOOKKEEPER-654,,,
BOOKKEEPER-656,,,
BOOKKEEPER-657,,,
BOOKKEEPER-658,,,
BOOKKEEPER-659,,,
BOOKKEEPER-660,,,
BOOKKEEPER-661,,,
BOOKKEEPER-662,,,
BOOKKEEPER-663,,,
BOOKKEEPER-664,,,
BOOKKEEPER-666,,,
BOOKKEEPER-667,,,
BOOKKEEPER-668,,,
BOOKKEEPER-669,,,
BOOKKEEPER-670,,,
BOOKKEEPER-671,,,
BOOKKEEPER-672,,,
BOOKKEEPER-673,,,
BOOKKEEPER-674,,,
BOOKKEEPER-675,,,
BOOKKEEPER-676,,,
BOOKKEEPER-678,,,
BOOKKEEPER-679,,,
BOOKKEEPER-683,,,
BOOKKEEPER-684,,,
BOOKKEEPER-685,,,
BOOKKEEPER-686,,,
BOOKKEEPER-687,,,
BOOKKEEPER-688,,,
BOOKKEEPER-689,,,
BOOKKEEPER-690,,,
BOOKKEEPER-695,,,
BOOKKEEPER-696,,,
BOOKKEEPER-697,,,
BOOKKEEPER-698,,,
BOOKKEEPER-699,,,
BOOKKEEPER-700,,,
BOOKKEEPER-701,,,
BOOKKEEPER-703,,,
BOOKKEEPER-704,,,
BOOKKEEPER-708,,,
BOOKKEEPER-709,,,
BOOKKEEPER-710,,,
BOOKKEEPER-770,,,
BOOKKEEPER-711,,,
BOOKKEEPER-712,,,
BOOKKEEPER-713,,,
BOOKKEEPER-714,,,
BOOKKEEPER-715,,,
BOOKKEEPER-716,,,
BOOKKEEPER-717,,,
BOOKKEEPER-718,,,
BOOKKEEPER-719,,,
BOOKKEEPER-720,,,
BOOKKEEPER-721,,,
BOOKKEEPER-722,,,
BOOKKEEPER-723,,,
BOOKKEEPER-724,,,
BOOKKEEPER-725,,,
BOOKKEEPER-726,,,
BOOKKEEPER-727,,,
BOOKKEEPER-728,,,
BOOKKEEPER-729,,,
BOOKKEEPER-730,,,
BOOKKEEPER-731,,,
BOOKKEEPER-732,,,
BOOKKEEPER-733,,,
BOOKKEEPER-736,,,
BOOKKEEPER-739,,,
BOOKKEEPER-740,,,
BOOKKEEPER-742,,,
BOOKKEEPER-743,,,
BOOKKEEPER-744,,,
BOOKKEEPER-745,,,
BOOKKEEPER-746,,,
BOOKKEEPER-747,,,
BOOKKEEPER-748,1137.2124652777777,4.386678240740741,
BOOKKEEPER-749,,,
BOOKKEEPER-750,,,
BOOKKEEPER-751,,,
BOOKKEEPER-752,,,
BOOKKEEPER-755,,,
BOOKKEEPER-756,,,
BOOKKEEPER-757,,,
BOOKKEEPER-758,,,
BOOKKEEPER-759,1136.8195833333334,7.893668981481482,6.944444444444444e-05
BOOKKEEPER-760,,,
BOOKKEEPER-763,,,
BOOKKEEPER-765,,,
BOOKKEEPER-766,,,
BOOKKEEPER-767,,,
BOOKKEEPER-768,,,
BOOKKEEPER-769,615.6018634259259,20.14141203703704,
BOOKKEEPER-769,615.6018634259259,20.14141203703704,
BOOKKEEPER-772,1074.0966203703704,2.9112847222222222,0.0296527777777777
BOOKKEEPER-773,,,
BOOKKEEPER-774,,,
BOOKKEEPER-775,,,
BOOKKEEPER-776,,,
BOOKKEEPER-777,,,
BOOKKEEPER-778,,,
BOOKKEEPER-779,,,
BOOKKEEPER-780,,,
BOOKKEEPER-781,,,
BOOKKEEPER-782,,,
BOOKKEEPER-783,,,
BOOKKEEPER-784,,,
BOOKKEEPER-785,,,
BOOKKEEPER-786,,,
BOOKKEEPER-787,,,
BOOKKEEPER-788,,,
BOOKKEEPER-789,,,
BOOKKEEPER-790,,,
BOOKKEEPER-791,,,
BOOKKEEPER-792,,,
BOOKKEEPER-793,,,
BOOKKEEPER-794,,,
BOOKKEEPER-795,,,
BOOKKEEPER-796,,,
BOOKKEEPER-797,,,
BOOKKEEPER-798,,,
BOOKKEEPER-799,,,
BOOKKEEPER-800,,,
BOOKKEEPER-801,,,
BOOKKEEPER-802,,,
BOOKKEEPER-803,,,
BOOKKEEPER-804,,,
BOOKKEEPER-805,,,
BOOKKEEPER-806,,,
BOOKKEEPER-807,,,
BOOKKEEPER-808,,,
BOOKKEEPER-809,,,
BOOKKEEPER-810,,,
BOOKKEEPER-811,,,
BOOKKEEPER-812,,,
BOOKKEEPER-813,,,
BOOKKEEPER-814,,,
BOOKKEEPER-815,,,
BOOKKEEPER-816,718.6627662037037,1342.3656481481482,
BOOKKEEPER-817,,,
BOOKKEEPER-818,1071.612048611111,1.425474537037037,
BOOKKEEPER-819,,,
BOOKKEEPER-820,,,
BOOKKEEPER-821,,,
BOOKKEEPER-822,,,
BOOKKEEPER-823,,,
BOOKKEEPER-824,,,
BOOKKEEPER-825,,,
BOOKKEEPER-826,,,
BOOKKEEPER-827,,,
BOOKKEEPER-828,,,
BOOKKEEPER-829,,,
BOOKKEEPER-830,,,
BOOKKEEPER-831,,,
BOOKKEEPER-832,,,
BOOKKEEPER-833,,,
BOOKKEEPER-834,,,
BOOKKEEPER-835,,,
BOOKKEEPER-836,,,
BOOKKEEPER-837,,,
BOOKKEEPER-838,,,
BOOKKEEPER-839,,,
BOOKKEEPER-840,,,
BOOKKEEPER-841,327.8481712962963,23.153819444444444,0.0004976851851851
BOOKKEEPER-842,,,
BOOKKEEPER-843,,,
BOOKKEEPER-844,,,
BOOKKEEPER-845,,,
BOOKKEEPER-846,,,
BOOKKEEPER-847,,,
BOOKKEEPER-848,,,
BOOKKEEPER-849,,,
BOOKKEEPER-850,,,
BOOKKEEPER-851,296.43819444444443,35.89445601851852,0.0002314814814814
BOOKKEEPER-852,581.1316550925926,136.73443287037037,
BOOKKEEPER-853,,,
BOOKKEEPER-854,,,
BOOKKEEPER-855,163.1004861111111,84.55655092592593,0.0015625
BOOKKEEPER-856,,,
BOOKKEEPER-858,,,
BOOKKEEPER-859,,,
BOOKKEEPER-860,,,
BOOKKEEPER-862,,,
BOOKKEEPER-863,,,
BOOKKEEPER-864,,,
BOOKKEEPER-865,,,
BOOKKEEPER-866,,,
BOOKKEEPER-867,,,
BOOKKEEPER-868,,,
BOOKKEEPER-869,,,
BOOKKEEPER-870,208.1248611111111,3.760474537037037,0.0136921296296296
BOOKKEEPER-872,,,
BOOKKEEPER-873,435.35596064814814,60.95836805555555,
BOOKKEEPER-873,435.35596064814814,60.95836805555555,
BOOKKEEPER-874,444.1516782407408,52.21587962962963,
BOOKKEEPER-875,,,
BOOKKEEPER-877,,,
BOOKKEEPER-878,,,
BOOKKEEPER-879,16.197199074074074,90.08354166666666,0.0002199074074074
BOOKKEEPER-880,148.91998842592594,0.4457638888888889,0.0007175925925925
BOOKKEEPER-881,209.60199074074075,0.0267824074074074,0.002662037037037
BOOKKEEPER-882,,,
BOOKKEEPER-883,70.83172453703703,4.489837962962963,0.0025694444444444
BOOKKEEPER-884,,,
BOOKKEEPER-885,0.0037037037037037,11.301458333333333,0.003449074074074
BOOKKEEPER-886,0.0015277777777777,7.958599537037037,0.0001041666666666
BOOKKEEPER-888,0.0043981481481481,7.930821759259259,0.0004166666666666
BOOKKEEPER-889,1.7247106481481482,32.43849537037037,9.25925925925926e-05
BOOKKEEPER-890,0.0030555555555555,5.472372685185185,0.0006481481481481
BOOKKEEPER-891,0.0030324074074074,3.620081018518519,0.0009259259259259
BOOKKEEPER-892,0.0999884259259259,1.0848958333333334,0.0008912037037037
BOOKKEEPER-893,0.0346296296296296,1.0306481481481482,0.0004166666666666
BOOKKEEPER-894,28.518564814814816,6.928576388888889,0.000162037037037
BOOKKEEPER-895,27.139756944444443,48.977094907407405,0.0001157407407407
BOOKKEEPER-896,14.20732638888889,32.098449074074075,49.58619212962963
BOOKKEEPER-896,14.20732638888889,32.098449074074075,49.58619212962963
BOOKKEEPER-897,0.0238194444444444,0.1694097222222222,0.0030902777777777
BOOKKEEPER-898,2.3046296296296296,6.163194444444445,0.0004398148148148
BOOKKEEPER-899,0.974074074074074,7.482766203703703,0.0001388888888888
BOOKKEEPER-900,0.6117824074074074,7.492430555555556,0.0001041666666666
BOOKKEEPER-901,0.1215625,27.32783564814815,0.0001157407407407
BOOKKEEPER-902,0.0238888888888888,5.346400462962963,0.5647106481481482
BOOKKEEPER-903,223.92444444444445,20.316863425925927,0.0007175925925925
BOOKKEEPER-904,22.78997685185185,0.2138194444444444,0.0004976851851851
BOOKKEEPER-905,,,
BOOKKEEPER-907,287.0013657407408,32.88096064814815,0.0
BOOKKEEPER-908,48.013888888888886,56.1433912037037,4.629629629629629e-05
BOOKKEEPER-909,,,
BOOKKEEPER-910,,,
BOOKKEEPER-911,2.592465277777778,21.965185185185184,
BOOKKEEPER-912,208.72953703703703,17.6184375,
BOOKKEEPER-913,1.042638888888889,3.4280439814814816,0.0002662037037037
BOOKKEEPER-914,1.0120717592592592,0.0415856481481481,0.0004282407407407
BOOKKEEPER-915,,,
BOOKKEEPER-916,,,
BOOKKEEPER-917,2.4996875,0.2754976851851852,0.0008449074074074
BOOKKEEPER-918,,,
BOOKKEEPER-919,6.094699074074074,13.384768518518518,0.0005439814814814
BOOKKEEPER-920,1.4701157407407408,14.038333333333334,0.0001736111111111
BOOKKEEPER-921,,,
BOOKKEEPER-922,54.9077662037037,34.91890046296297,
BOOKKEEPER-924,0.1910300925925926,176.7455787037037,
BOOKKEEPER-924,0.1910300925925926,176.7455787037037,
BOOKKEEPER-925,0.0391898148148148,1.4202430555555556,0.8808912037037037
BOOKKEEPER-925,0.0391898148148148,1.4202430555555556,0.8808912037037037
BOOKKEEPER-926,0.0041898148148148,3.6607754629629623,0.0003009259259259
BOOKKEEPER-927,1.137013888888889,69.85185185185185,302.359375
BOOKKEEPER-929,,,
BOOKKEEPER-930,6.983923611111111,85.21237268518519,9.25925925925926e-05
BOOKKEEPER-931,,,
BOOKKEEPER-932,0.0178356481481481,24.90502314814815,0.0
BOOKKEEPER-933,4.6899189814814815,38.92659722222222,5.787037037037037e-05
BOOKKEEPER-934,,,
BOOKKEEPER-935,401.7302893518519,0.5732175925925926,0.0002083333333333
BOOKKEEPER-936,,,
BOOKKEEPER-937,1.0152314814814816,48.95136574074074,0.0014236111111111
BOOKKEEPER-938,0.1138541666666666,23.28789351851852,5.787037037037037e-05
BOOKKEEPER-939,0.0590972222222222,0.0615393518518518,0.0041782407407407
BOOKKEEPER-940,2.1569791666666664,0.4319444444444444,4.629629629629629e-05
BOOKKEEPER-941,0.6179629629629629,17.97158564814815,0.0001388888888888
BOOKKEEPER-942,,,
BOOKKEEPER-943,125.3017476851852,14.653171296296296,
BOOKKEEPER-944,171.17783564814815,111.85150462962964,
BOOKKEEPER-945,3.056111111111111,11.939212962962962,284.2328009259259
BOOKKEEPER-946,19.15533564814815,93.11332175925926,
BOOKKEEPER-946,19.15533564814815,93.11332175925926,
BOOKKEEPER-947,,,
BOOKKEEPER-948,5.098078703703703,62.02797453703704,0.0002546296296296
BOOKKEEPER-949,91.10311342592593,33.14488425925926,
BOOKKEEPER-950,69.84335648148148,104.03751157407407,
BOOKKEEPER-951,,,
BOOKKEEPER-952,0.0005092592592592,6.501215277777778,1.1574074074074072e-05
BOOKKEEPER-953,,,
BOOKKEEPER-954,,,
BOOKKEEPER-955,0.0097685185185185,41.05614583333333,
BOOKKEEPER-956,0.0093518518518518,20.16554398148148,3.472222222222222e-05
BOOKKEEPER-957,0.0309375,20.35324074074074,0.002511574074074
BOOKKEEPER-958,0.022037037037037,20.329166666666666,5.787037037037037e-05
BOOKKEEPER-959,0.0911342592592592,102.4529050925926,0.0054513888888888
BOOKKEEPER-960,,,
BOOKKEEPER-961,0.0102662037037037,9.242743055555556,0.0005439814814814
BOOKKEEPER-962,0.0010069444444444,9.240601851851851,0.0001504629629629
BOOKKEEPER-964,0.0020833333333333,48.89615740740741,
BOOKKEEPER-964,0.0020833333333333,48.89615740740741,
BOOKKEEPER-965,0.0384027777777777,9.29005787037037,0.0097800925925925
BOOKKEEPER-966,0.0838773148148148,37.66748842592592,
BOOKKEEPER-966,0.0838773148148148,37.66748842592592,
BOOKKEEPER-967,20.060289351851853,16.17707175925926,
BOOKKEEPER-968,0.0041898148148148,80.70655092592592,
BOOKKEEPER-969,,,
BOOKKEEPER-970,0.0006712962962962,124.57583333333334,
BOOKKEEPER-971,2.224375,21.782465277777774,
BOOKKEEPER-972,,,
BOOKKEEPER-974,210.31908564814816,40.90597222222223,
BOOKKEEPER-975,,,
BOOKKEEPER-976,0.0018171296296296,4.413668981481481,
BOOKKEEPER-977,,,
BOOKKEEPER-978,,,
BOOKKEEPER-979,,,
BOOKKEEPER-980,230.2371180555556,0.3486458333333333,0.0006018518518518
BOOKKEEPER-982,,,
BOOKKEEPER-983,3.135011574074074,7.920706018518518,0.0013773148148148
BOOKKEEPER-984,3.2976157407407407,3.745115740740741,0.0
BOOKKEEPER-985,,,
BOOKKEEPER-986,0.0707638888888888,7.1569212962962965,0.0001504629629629
BOOKKEEPER-987,0.0019328703703703,0.3961458333333333,
BOOKKEEPER-988,0.000949074074074,2.2227083333333333,
BOOKKEEPER-989,156.79508101851852,6.162650462962963,1.1574074074074072e-05
BOOKKEEPER-990,,,
BOOKKEEPER-991,0.0163078703703703,13.356111111111112,0.0
BOOKKEEPER-992,0.0041550925925925,13.236192129629629,194.74188657407407
BOOKKEEPER-995,,,
BOOKKEEPER-996,0.002662037037037,0.7783796296296296,
BOOKKEEPER-997,62.13554398148148,7.702407407407407,
BOOKKEEPER-998,0.0213888888888888,44.03460648148148,
BOOKKEEPER-999,0.0013425925925925,42.37875,
BOOKKEEPER-1000,,,
BOOKKEEPER-1001,0.0631134259259259,41.12201388888889,
BOOKKEEPER-1002,,,
BOOKKEEPER-1003,0.2314583333333333,40.04543981481481,
BOOKKEEPER-1004,0.7870601851851852,42.104502314814816,
BOOKKEEPER-1005,,,
BOOKKEEPER-1006,,,
BOOKKEEPER-1007,1.0875810185185186,33.401064814814816,
BOOKKEEPER-1008,19.702997685185185,62.5840625,
BOOKKEEPER-1008,19.702997685185185,62.5840625,
BOOKKEEPER-1010,1.181851851851852,70.02609953703704,
BOOKKEEPER-1010,1.181851851851852,70.02609953703704,
BOOKKEEPER-1011,,,
BOOKKEEPER-1013,0.0322337962962962,0.4601157407407407,
BOOKKEEPER-1017,77.17396990740741,46.72916666666666,1.623900462962963
BOOKKEEPER-1018,1.203275462962963,17.49517361111111,
BOOKKEEPER-1018,1.203275462962963,17.49517361111111,
BOOKKEEPER-1018,1.203275462962963,17.49517361111111,
BOOKKEEPER-1019,2.958622685185185,32.28221064814815,19.78265046296296
BOOKKEEPER-1020,2.3003472222222223,0.090011574074074,0.0004398148148148
BOOKKEEPER-1021,0.0584375,7.410254629629629,45.26700231481482
BOOKKEEPER-1022,3.873113425925926,1.3692476851851851,
BOOKKEEPER-1023,,,
BOOKKEEPER-1025,,,
BOOKKEEPER-1026,,,
BOOKKEEPER-1027,101.30412037037036,2.616747685185185,0.0828935185185185
BOOKKEEPER-1028,0.0380902777777777,89.9205787037037,94.24891203703704
BOOKKEEPER-1029,,,
BOOKKEEPER-1030,,,
BOOKKEEPER-1031,0.0203009259259259,0.9501851851851852,
BOOKKEEPER-1032,,,
BOOKKEEPER-1033,62.32806712962963,23.97269675925926,
BOOKKEEPER-1034,62.8499537037037,15.02849537037037,9.25925925925926e-05
BOOKKEEPER-1035,,,
BOOKKEEPER-1036,,,
BOOKKEEPER-1038,3.118692129629629,2.1189814814814816,0.0
BOOKKEEPER-1039,0.006574074074074,0.1071875,
BOOKKEEPER-1040,200.6147453703704,1.6229976851851853,
BOOKKEEPER-1041,,,
BOOKKEEPER-1042,5.966828703703704,3.394340277777778,32.18729166666667
BOOKKEEPER-1043,0.0016087962962962,0.8206481481481481,0.0007291666666666
BOOKKEEPER-1044,91.0232523148148,0.3492708333333333,8.101851851851852e-05
BOOKKEEPER-1045,0.0028356481481481,0.3233680555555555,0.0030208333333333
BOOKKEEPER-1046,0.0021180555555555,0.5042361111111111,0.0730439814814814
BOOKKEEPER-1047,0.0012152777777777,0.066574074074074,11.098796296296296
BOOKKEEPER-1048,0.0019907407407407,9.942569444444445,0.0
BOOKKEEPER-1049,,,
BOOKKEEPER-1050,0.0011342592592592,0.1299074074074074,0.0010185185185185
BOOKKEEPER-1051,0.0010879629629629,0.1284027777777777,5.787037037037037e-05
BOOKKEEPER-1052,0.0012152777777777,0.0255555555555555,3.472222222222222e-05
BOOKKEEPER-1053,0.0007407407407407,0.0546296296296296,2.3148148148148147e-05
BOOKKEEPER-1054,0.0011111111111111,0.8605787037037037,1.1574074074074072e-05
BOOKKEEPER-1055,5.221967592592593,1.3283796296296295,2.3148148148148147e-05
BOOKKEEPER-1056,21.915358796296296,0.1479976851851852,0.0001388888888888
BOOKKEEPER-1057,0.0016203703703703,190.10429398148148,
BOOKKEEPER-1058,0.0008912037037037,4.967152777777778,
BOOKKEEPER-1059,0.0014699074074074,0.1132638888888888,0.0
BOOKKEEPER-1060,0.0011574074074074,0.0123379629629629,0.0
BOOKKEEPER-1061,0.0022337962962962,4.945810185185185,
BOOKKEEPER-1062,154.9649537037037,4.443692129629629,
BOOKKEEPER-1063,0.0007175925925925,1.6962847222222222,3.278854166666666
BOOKKEEPER-1064,0.0015277777777777,0.8595949074074074,
BOOKKEEPER-1065,0.0197569444444444,0.1233101851851851,0.000949074074074
BOOKKEEPER-1066,0.0014004629629629,0.7826273148148148,0.0002083333333333
BOOKKEEPER-1067,0.0020717592592592,0.0809953703703703,
BOOKKEEPER-1068,0.0022222222222222,9.555590277777778,
BOOKKEEPER-1069,0.0005324074074074,0.4744907407407407,1.6811689814814814
BOOKKEEPER-1070,0.0025462962962962,0.9578819444444444,
BOOKKEEPER-1071,14.059097222222222,0.1353356481481481,
BOOKKEEPER-1072,,,
BOOKKEEPER-1073,0.0013541666666666,7.166747685185185,0.0007986111111111
BOOKKEEPER-1074,0.0062037037037037,7.327222222222222,0.0007060185185185
BOOKKEEPER-1075,0.0064930555555555,0.3678125,
BOOKKEEPER-1077,,,
BOOKKEEPER-1078,0.4809722222222222,6.745983796296296,
BOOKKEEPER-1079,0.0017129629629629,0.2156597222222222,1.1574074074074072e-05
BOOKKEEPER-1080,,,
BOOKKEEPER-1081,0.4927314814814815,1.0943171296296297,130.23728009259258
BOOKKEEPER-1082,,,
BOOKKEEPER-1083,0.00375,0.1182291666666666,
BOOKKEEPER-1084,0.0008564814814814,0.0640393518518518,
BOOKKEEPER-1085,0.0016435185185185,0.1247453703703703,
BOOKKEEPER-1086,0.0058333333333333,0.0548379629629629,2.3148148148148147e-05
BOOKKEEPER-1087,0.0331134259259259,3.990729166666666,
BOOKKEEPER-1088,0.0714467592592592,8.623159722222223,
BOOKKEEPER-1088,0.0714467592592592,8.623159722222223,
BOOKKEEPER-1089,1.0672222222222223,18.873148148148147,
BOOKKEEPER-1090,0.0015509259259259,0.0358101851851851,20.0921875
BOOKKEEPER-1091,,,
BOOKKEEPER-1092,0.9058680555555556,18.891180555555557,
BOOKKEEPER-1093,0.015474537037037,18.88805555555556,
BOOKKEEPER-1094,,,
BOOKKEEPER-1096,0.0017708333333333,2.676736111111111,
BOOKKEEPER-1097,0.0046296296296296,8.747280092592593,
BOOKKEEPER-1098,0.8081134259259259,13.151967592592593,0.0009375
BOOKKEEPER-1099,,,
BOOKKEEPER-1100,0.1530787037037037,51.87349537037037,0.0001388888888888
BOOKKEEPER-1100,0.1530787037037037,51.87349537037037,0.0001388888888888
BOOKKEEPER-1101,,,
BOOKKEEPER-1102,0.0080671296296296,10.232893518518518,0.0044791666666666
BOOKKEEPER-1103,0.0062962962962962,1.9492592592592592,0.0001157407407407
BOOKKEEPER-1104,0.0412152777777777,0.2407638888888889,0.0003009259259259
BOOKKEEPER-1105,0.0296759259259259,6.273194444444444,0.0003125
BOOKKEEPER-1106,0.2808564814814814,16.449733796296297,
BOOKKEEPER-1107,,,
