jira_key,reason
BOOKKEEPER-7,missing_review_start;missing_review_end
BOOKKEEPER-680,missing_review_start;missing_review_end
BOOKKEEPER-14,missing_review_start;missing_review_end
BOOKKEEPER-10,missing_review_start;missing_review_end
BOOKKEEPER-691,missing_review_start;missing_review_end
BOOKKEEPER-694,missing_review_start;missing_review_end
BOOKKEEPER-13,missing_review_start;missing_review_end
BOOKKEEPER-2,missing_review_start;missing_review_end
BOOKKEEPER-8,missing_review_start;missing_review_end
BOOKKEEPER-3,missing_review_start;missing_review_end
BOOKKEEPER-693,missing_review_start;missing_review_end
BOOKKEEPER-17,missing_review_start;missing_review_end
BOOKKEEPER-6,missing_review_start;missing_review_end
BOOKKEEPER-15,missing_review_start;missing_review_end
BOOKKEEPER-16,missing_review_start;missing_review_end
BOOKKEEPER-5,missing_review_start;missing_review_end
BOOKKEEPER-11,missing_review_start;missing_review_end
BOOKKEEPER-12,missing_review_start;missing_review_end
BOOKKEEPER-692,missing_review_start;missing_review_end
BOOKKEEPER-9,missing_review_start;missing_review_end
BOOKKEEPER-1,missing_review_start;missing_review_end
BOOKKEEPER-18,missing_review_start;missing_review_end
BOOKKEEPER-19,missing_review_start;missing_review_end
BOOKKEEPER-20,missing_review_start;missing_review_end
BOOKKEEPER-21,missing_review_start;missing_review_end
BOOKKEEPER-22,missing_review_start;missing_review_end
BOOKKEEPER-23,missing_review_start;missing_review_end
BOOKKEEPER-24,missing_review_start;missing_review_end
BOOKKEEPER-25,missing_review_start;missing_review_end
BOOKKEEPER-26,missing_review_start;missing_review_end
BOOKKEEPER-27,missing_review_start;missing_review_end
BOOKKEEPER-28,missing_review_start;missing_review_end
BOOKKEEPER-29,missing_review_start;missing_review_end
BOOKKEEPER-30,missing_review_start;missing_review_end
BOOKKEEPER-32,missing_review_start;missing_review_end
BOOKKEEPER-33,missing_review_start;missing_review_end
BOOKKEEPER-34,missing_review_start;missing_review_end
BOOKKEEPER-35,missing_review_start;missing_review_end
BOOKKEEPER-36,missing_review_start;missing_review_end;missing_testing_end
BOOKKEEPER-37,missing_review_start;missing_review_end
BOOKKEEPER-38,missing_review_start;missing_review_end
BOOKKEEPER-39,missing_review_start;missing_review_end
BOOKKEEPER-40,missing_review_start;missing_review_end
BOOKKEEPER-41,missing_review_start;missing_review_end
BOOKKEEPER-42,missing_review_start;missing_review_end
BOOKKEEPER-43,missing_review_start;missing_review_end
BOOKKEEPER-44,missing_review_start;missing_review_end
BOOKKEEPER-45,missing_review_start;missing_review_end
BOOKKEEPER-46,missing_review_start;missing_review_end
BOOKKEEPER-47,missing_review_start;missing_review_end
BOOKKEEPER-48,missing_review_start;missing_review_end
BOOKKEEPER-49,missing_review_start;missing_review_end
BOOKKEEPER-50,missing_review_start;missing_review_end
BOOKKEEPER-51,missing_review_start;missing_review_end
BOOKKEEPER-52,missing_review_start;missing_review_end
BOOKKEEPER-53,missing_review_start;missing_review_end
BOOKKEEPER-54,missing_review_start;missing_review_end
BOOKKEEPER-55,missing_review_start;missing_review_end
BOOKKEEPER-56,missing_review_start;missing_review_end
BOOKKEEPER-57,missing_review_start;missing_review_end
BOOKKEEPER-58,missing_review_start;missing_review_end
BOOKKEEPER-59,missing_review_start;missing_review_end
BOOKKEEPER-60,missing_review_start;missing_review_end
BOOKKEEPER-61,missing_review_start;missing_review_end
BOOKKEEPER-62,missing_review_start;missing_review_end
BOOKKEEPER-63,missing_review_start;missing_review_end
BOOKKEEPER-64,missing_review_start;missing_review_end
BOOKKEEPER-65,missing_review_start;missing_review_end
BOOKKEEPER-66,missing_review_start;missing_review_end
BOOKKEEPER-67,missing_review_start;missing_review_end
BOOKKEEPER-68,missing_review_start;missing_review_end
BOOKKEEPER-69,missing_review_start;missing_review_end
BOOKKEEPER-70,missing_review_start;missing_review_end
BOOKKEEPER-71,missing_review_start;missing_review_end
BOOKKEEPER-72,missing_review_start;missing_review_end
BOOKKEEPER-73,missing_review_start;missing_review_end
BOOKKEEPER-74,missing_review_start;missing_review_end
BOOKKEEPER-75,missing_review_start;missing_review_end
BOOKKEEPER-76,missing_review_start;missing_review_end
BOOKKEEPER-77,missing_review_start;missing_review_end
BOOKKEEPER-78,missing_review_start;missing_review_end
BOOKKEEPER-79,missing_review_start;missing_review_end
BOOKKEEPER-80,missing_review_start;missing_review_end
BOOKKEEPER-81,missing_review_start;missing_review_end
BOOKKEEPER-82,missing_review_start;missing_review_end
BOOKKEEPER-83,missing_review_start;missing_review_end
BOOKKEEPER-84,missing_review_start;missing_review_end
BOOKKEEPER-85,missing_review_start;missing_review_end
BOOKKEEPER-86,missing_review_start;missing_review_end
BOOKKEEPER-87,missing_review_start;missing_review_end
BOOKKEEPER-88,missing_review_start;missing_review_end
BOOKKEEPER-89,missing_review_start;missing_review_end
BOOKKEEPER-90,missing_review_start;missing_review_end
BOOKKEEPER-91,missing_review_start;missing_review_end
BOOKKEEPER-92,missing_review_start;missing_review_end
BOOKKEEPER-93,missing_review_start;missing_review_end
BOOKKEEPER-94,missing_review_start;missing_review_end
BOOKKEEPER-95,missing_review_start;missing_review_end
BOOKKEEPER-96,missing_review_start;missing_review_end
BOOKKEEPER-97,missing_review_start;missing_review_end
BOOKKEEPER-98,missing_review_start;missing_review_end
BOOKKEEPER-99,missing_review_start;missing_review_end
BOOKKEEPER-100,missing_review_start;missing_review_end
BOOKKEEPER-101,missing_review_start;missing_review_end
BOOKKEEPER-102,missing_review_start;missing_review_end
BOOKKEEPER-103,missing_review_start;missing_review_end
BOOKKEEPER-104,missing_review_start;missing_review_end
BOOKKEEPER-105,missing_review_start;missing_review_end
BOOKKEEPER-106,missing_review_start;missing_review_end
BOOKKEEPER-107,missing_review_start;missing_review_end
BOOKKEEPER-108,missing_review_start;missing_review_end
BOOKKEEPER-109,missing_review_start;missing_review_end
BOOKKEEPER-110,missing_review_start;missing_review_end
BOOKKEEPER-111,missing_review_start;missing_review_end
BOOKKEEPER-112,missing_review_start;missing_review_end
BOOKKEEPER-113,missing_review_start;missing_review_end
BOOKKEEPER-114,missing_review_start;missing_review_end
BOOKKEEPER-115,missing_review_start;missing_review_end
BOOKKEEPER-116,missing_review_start;missing_review_end
BOOKKEEPER-117,missing_review_start;missing_review_end
BOOKKEEPER-118,missing_review_start;missing_review_end
BOOKKEEPER-119,missing_review_start;missing_review_end
BOOKKEEPER-120,missing_review_start;missing_review_end
BOOKKEEPER-121,missing_review_start;missing_review_end
BOOKKEEPER-122,missing_review_start;missing_review_end
BOOKKEEPER-123,missing_review_start;missing_review_end
BOOKKEEPER-124,missing_review_start;missing_review_end
BOOKKEEPER-125,missing_review_start;missing_review_end
BOOKKEEPER-126,missing_review_start;missing_review_end
BOOKKEEPER-127,missing_review_start;missing_review_end
BOOKKEEPER-128,missing_review_start;missing_review_end
BOOKKEEPER-129,missing_review_start;missing_review_end
BOOKKEEPER-130,missing_review_start;missing_review_end
BOOKKEEPER-131,missing_review_start;missing_review_end
BOOKKEEPER-132,missing_review_start;missing_review_end
BOOKKEEPER-133,missing_review_start;missing_review_end
BOOKKEEPER-134,missing_review_start;missing_review_end
BOOKKEEPER-135,missing_review_start;missing_review_end
BOOKKEEPER-136,missing_review_start;missing_review_end
BOOKKEEPER-137,missing_review_start;missing_review_end
BOOKKEEPER-138,missing_review_start;missing_review_end
BOOKKEEPER-139,missing_review_start;missing_review_end
BOOKKEEPER-140,missing_review_start;missing_review_end
BOOKKEEPER-141,missing_review_start;missing_review_end
BOOKKEEPER-142,missing_review_start;missing_review_end
BOOKKEEPER-143,missing_review_start;missing_review_end
BOOKKEEPER-144,missing_review_start;missing_review_end
BOOKKEEPER-145,missing_review_start;missing_review_end
BOOKKEEPER-146,missing_review_start;missing_review_end
BOOKKEEPER-147,missing_review_start;missing_review_end
BOOKKEEPER-148,missing_review_start;missing_review_end
BOOKKEEPER-149,missing_review_start;missing_review_end
BOOKKEEPER-150,missing_review_start;missing_review_end
BOOKKEEPER-151,missing_review_start;missing_review_end
BOOKKEEPER-152,missing_review_start;missing_review_end
BOOKKEEPER-153,missing_review_start;missing_review_end
BOOKKEEPER-154,missing_review_start;missing_review_end
BOOKKEEPER-155,missing_review_start;missing_review_end
BOOKKEEPER-156,missing_review_start;missing_review_end
BOOKKEEPER-157,missing_review_start;missing_review_end
BOOKKEEPER-158,missing_review_start;missing_review_end
BOOKKEEPER-159,missing_review_start;missing_review_end;missing_testing_end
BOOKKEEPER-160,missing_review_start;missing_review_end
BOOKKEEPER-161,missing_review_start;missing_review_end
BOOKKEEPER-162,missing_review_start;missing_review_end
BOOKKEEPER-163,missing_review_start;missing_review_end
BOOKKEEPER-164,missing_review_start;missing_review_end;missing_testing_end
BOOKKEEPER-165,missing_review_start;missing_review_end
BOOKKEEPER-166,missing_review_start;missing_review_end
BOOKKEEPER-167,missing_review_start;missing_review_end
BOOKKEEPER-168,missing_review_start;missing_review_end
BOOKKEEPER-169,missing_review_start;missing_review_end
BOOKKEEPER-170,missing_review_start;missing_review_end
BOOKKEEPER-171,missing_review_start;missing_review_end
BOOKKEEPER-172,missing_review_start;missing_review_end
BOOKKEEPER-173,missing_review_start;missing_review_end
BOOKKEEPER-174,missing_review_start;missing_review_end
BOOKKEEPER-175,missing_review_start;missing_review_end
BOOKKEEPER-176,missing_review_start;missing_review_end
BOOKKEEPER-177,missing_review_start;missing_review_end
BOOKKEEPER-178,missing_review_start;missing_review_end
BOOKKEEPER-179,missing_review_start;missing_review_end
BOOKKEEPER-180,missing_review_start;missing_review_end
BOOKKEEPER-181,missing_review_start;missing_review_end
BOOKKEEPER-182,missing_review_start;missing_review_end
BOOKKEEPER-183,missing_review_start;missing_review_end
BOOKKEEPER-184,missing_review_start;missing_review_end
BOOKKEEPER-185,missing_review_start;missing_review_end
BOOKKEEPER-186,missing_review_start;missing_review_end
BOOKKEEPER-187,missing_review_start;missing_review_end
BOOKKEEPER-188,missing_review_start;missing_review_end
BOOKKEEPER-189,missing_review_start;missing_review_end
BOOKKEEPER-190,missing_review_start;missing_review_end
BOOKKEEPER-191,missing_review_start;missing_review_end
BOOKKEEPER-192,missing_review_start;missing_review_end
BOOKKEEPER-193,missing_review_start;missing_review_end
BOOKKEEPER-194,missing_review_start;missing_review_end
BOOKKEEPER-195,missing_review_start;missing_review_end
BOOKKEEPER-196,missing_review_start;missing_review_end
BOOKKEEPER-197,missing_review_start;missing_review_end
BOOKKEEPER-198,missing_review_start;missing_review_end
BOOKKEEPER-199,missing_review_start;missing_review_end
BOOKKEEPER-200,missing_review_start;missing_review_end
BOOKKEEPER-201,missing_review_start;missing_review_end
BOOKKEEPER-202,missing_review_start;missing_review_end
BOOKKEEPER-203,missing_review_start;missing_review_end
BOOKKEEPER-204,missing_review_start;missing_review_end
BOOKKEEPER-205,missing_review_start;missing_review_end
BOOKKEEPER-206,missing_review_start;missing_review_end
BOOKKEEPER-207,missing_review_start;missing_review_end
BOOKKEEPER-208,missing_review_start;missing_review_end
BOOKKEEPER-209,missing_review_start;missing_review_end
BOOKKEEPER-210,missing_review_start;missing_review_end
BOOKKEEPER-211,missing_review_start;missing_review_end
BOOKKEEPER-212,missing_review_start;missing_review_end
BOOKKEEPER-213,missing_review_start;missing_review_end
BOOKKEEPER-214,missing_review_start;missing_review_end
BOOKKEEPER-215,missing_review_start;missing_review_end
BOOKKEEPER-216,missing_review_start;missing_review_end
BOOKKEEPER-217,missing_review_start;missing_review_end
BOOKKEEPER-218,missing_review_start;missing_review_end
BOOKKEEPER-219,missing_review_start;missing_review_end
BOOKKEEPER-220,missing_review_start;missing_review_end
BOOKKEEPER-221,missing_review_start;missing_review_end
BOOKKEEPER-222,missing_review_start;missing_review_end
BOOKKEEPER-223,missing_review_start;missing_review_end
BOOKKEEPER-224,missing_review_start;missing_review_end
BOOKKEEPER-225,missing_review_start;missing_review_end
BOOKKEEPER-226,missing_review_start;missing_review_end
BOOKKEEPER-227,missing_review_start;missing_review_end
BOOKKEEPER-228,missing_review_start;missing_review_end
BOOKKEEPER-229,missing_review_start;missing_review_end
BOOKKEEPER-230,missing_review_start;missing_review_end
BOOKKEEPER-231,missing_review_start;missing_review_end
BOOKKEEPER-232,missing_review_start;missing_review_end
BOOKKEEPER-233,missing_review_start;missing_review_end
BOOKKEEPER-234,missing_review_start;missing_review_end
BOOKKEEPER-235,missing_review_start;missing_review_end
BOOKKEEPER-236,missing_review_start;missing_review_end
BOOKKEEPER-237,missing_review_start;missing_review_end
BOOKKEEPER-238,missing_review_start;missing_review_end
BOOKKEEPER-239,missing_review_start;missing_review_end
BOOKKEEPER-240,missing_review_start;missing_review_end
BOOKKEEPER-243,missing_review_start;missing_review_end
BOOKKEEPER-241,missing_review_start;missing_review_end
BOOKKEEPER-242,missing_review_start;missing_review_end
BOOKKEEPER-245,missing_review_start;missing_review_end
BOOKKEEPER-246,missing_review_start;missing_review_end
BOOKKEEPER-247,missing_review_start;missing_review_end
BOOKKEEPER-248,missing_review_start;missing_review_end
BOOKKEEPER-249,missing_review_start;missing_review_end
BOOKKEEPER-250,missing_review_start;missing_review_end
BOOKKEEPER-251,missing_review_start;missing_review_end
BOOKKEEPER-252,missing_review_start;missing_review_end
BOOKKEEPER-254,missing_review_start;missing_review_end
BOOKKEEPER-256,missing_review_start;missing_review_end
BOOKKEEPER-257,missing_review_start;missing_review_end
BOOKKEEPER-258,missing_review_start;missing_review_end
BOOKKEEPER-259,missing_review_start;missing_review_end
BOOKKEEPER-260,missing_review_start;missing_review_end
BOOKKEEPER-261,missing_review_start;missing_review_end
BOOKKEEPER-262,missing_review_start;missing_review_end
BOOKKEEPER-263,missing_review_start;missing_review_end
BOOKKEEPER-264,missing_review_start;missing_review_end
BOOKKEEPER-265,missing_review_start;missing_review_end
BOOKKEEPER-266,missing_review_start;missing_review_end
BOOKKEEPER-267,missing_review_start;missing_review_end
BOOKKEEPER-268,missing_review_start;missing_review_end
BOOKKEEPER-269,missing_review_start;missing_review_end
BOOKKEEPER-270,missing_review_start;missing_review_end
BOOKKEEPER-271,missing_review_start;missing_review_end
BOOKKEEPER-272,missing_review_start;missing_review_end
BOOKKEEPER-275,missing_review_start;missing_review_end
BOOKKEEPER-273,missing_review_start;missing_review_end
BOOKKEEPER-274,missing_review_start;missing_review_end
BOOKKEEPER-276,missing_review_start;missing_review_end
BOOKKEEPER-277,missing_review_start;missing_review_end
BOOKKEEPER-278,missing_review_start;missing_review_end
BOOKKEEPER-279,missing_review_start;missing_review_end
BOOKKEEPER-280,missing_review_start;missing_review_end
BOOKKEEPER-281,missing_review_start;missing_review_end
BOOKKEEPER-282,missing_review_start;missing_review_end
BOOKKEEPER-283,missing_review_start;missing_review_end
BOOKKEEPER-284,missing_review_start;missing_review_end
BOOKKEEPER-285,missing_review_start;missing_review_end
BOOKKEEPER-286,missing_review_start;missing_review_end
BOOKKEEPER-287,missing_review_start;missing_review_end
BOOKKEEPER-288,missing_review_start;missing_review_end
BOOKKEEPER-289,missing_review_start;missing_review_end
BOOKKEEPER-290,missing_review_start;missing_review_end
BOOKKEEPER-291,missing_review_start;missing_review_end
BOOKKEEPER-292,missing_review_start;missing_review_end
BOOKKEEPER-293,missing_review_start;missing_review_end
BOOKKEEPER-294,missing_review_start;missing_review_end
BOOKKEEPER-295,missing_review_start;missing_review_end
BOOKKEEPER-296,missing_review_start;missing_review_end
BOOKKEEPER-297,missing_review_start;missing_review_end
BOOKKEEPER-298,missing_review_start;missing_review_end
BOOKKEEPER-299,missing_review_start;missing_review_end
BOOKKEEPER-300,missing_review_start;missing_review_end
BOOKKEEPER-301,missing_review_start;missing_review_end
BOOKKEEPER-302,missing_review_start;missing_review_end
BOOKKEEPER-303,missing_review_start;missing_review_end
BOOKKEEPER-304,missing_review_start;missing_review_end
BOOKKEEPER-305,missing_review_start;missing_review_end
BOOKKEEPER-306,missing_review_start;missing_review_end
BOOKKEEPER-307,missing_review_start;missing_review_end
BOOKKEEPER-308,missing_review_start;missing_review_end
BOOKKEEPER-309,missing_review_start;missing_review_end
BOOKKEEPER-310,missing_review_start;missing_review_end
BOOKKEEPER-311,missing_review_start;missing_review_end
BOOKKEEPER-312,missing_review_start;missing_review_end
BOOKKEEPER-313,missing_review_start;missing_review_end
BOOKKEEPER-314,missing_review_start;missing_review_end
BOOKKEEPER-315,missing_review_start;missing_review_end
BOOKKEEPER-317,missing_review_start;missing_review_end
BOOKKEEPER-318,missing_review_start;missing_review_end
BOOKKEEPER-319,missing_review_start;missing_review_end
BOOKKEEPER-320,missing_review_start;missing_review_end
BOOKKEEPER-321,missing_review_start;missing_review_end
BOOKKEEPER-322,missing_review_start;missing_review_end
BOOKKEEPER-323,missing_review_start;missing_review_end
BOOKKEEPER-324,missing_review_start;missing_review_end
BOOKKEEPER-325,missing_review_start;missing_review_end
BOOKKEEPER-326,missing_review_start;missing_review_end
BOOKKEEPER-327,missing_review_start;missing_review_end
BOOKKEEPER-328,missing_review_start;missing_review_end
BOOKKEEPER-329,missing_review_start;missing_review_end
BOOKKEEPER-330,missing_review_start;missing_review_end
BOOKKEEPER-331,missing_review_start;missing_review_end
BOOKKEEPER-332,missing_review_start;missing_review_end
BOOKKEEPER-333,missing_review_start;missing_review_end
BOOKKEEPER-334,missing_review_start;missing_review_end
BOOKKEEPER-335,missing_review_start;missing_review_end
BOOKKEEPER-336,missing_review_start;missing_review_end
BOOKKEEPER-337,missing_review_start;missing_review_end
BOOKKEEPER-338,missing_review_start;missing_review_end
BOOKKEEPER-339,missing_review_start;missing_review_end
BOOKKEEPER-340,missing_review_start;missing_review_end
BOOKKEEPER-341,missing_review_start;missing_review_end
BOOKKEEPER-342,missing_review_start;missing_review_end
BOOKKEEPER-343,missing_review_start;missing_review_end
BOOKKEEPER-344,missing_review_start;missing_review_end
BOOKKEEPER-345,missing_review_start;missing_review_end
BOOKKEEPER-346,missing_review_start;missing_review_end
BOOKKEEPER-347,missing_review_start;missing_review_end
BOOKKEEPER-348,missing_review_start;missing_review_end
BOOKKEEPER-349,missing_review_start;missing_review_end
BOOKKEEPER-350,missing_review_start;missing_review_end
BOOKKEEPER-351,missing_review_start;missing_review_end
BOOKKEEPER-352,missing_review_start;missing_review_end
BOOKKEEPER-353,missing_review_start;missing_review_end
BOOKKEEPER-354,missing_review_start;missing_review_end
BOOKKEEPER-355,missing_review_start;missing_review_end
BOOKKEEPER-356,missing_review_start;missing_review_end
BOOKKEEPER-361,missing_review_start;missing_review_end
BOOKKEEPER-362,missing_review_start;missing_review_end
BOOKKEEPER-363,missing_review_start;missing_review_end
BOOKKEEPER-364,missing_review_start;missing_review_end
BOOKKEEPER-365,missing_review_start;missing_review_end
BOOKKEEPER-366,missing_review_start;missing_review_end
BOOKKEEPER-367,missing_review_start;missing_review_end
BOOKKEEPER-368,missing_review_start;missing_review_end
BOOKKEEPER-369,missing_review_start;missing_review_end
BOOKKEEPER-370,missing_review_start;missing_review_end
BOOKKEEPER-371,missing_review_start;missing_review_end
BOOKKEEPER-372,missing_review_start;missing_review_end
BOOKKEEPER-373,missing_review_start;missing_review_end
BOOKKEEPER-374,missing_review_start;missing_review_end
BOOKKEEPER-375,missing_review_start;missing_review_end
BOOKKEEPER-376,missing_review_start;missing_review_end
BOOKKEEPER-377,missing_review_start;missing_review_end
BOOKKEEPER-378,missing_review_start;missing_review_end
BOOKKEEPER-379,missing_review_start;missing_review_end
BOOKKEEPER-380,missing_review_start;missing_review_end
BOOKKEEPER-381,missing_review_start;missing_review_end
BOOKKEEPER-382,missing_review_start;missing_review_end
BOOKKEEPER-383,missing_review_start;missing_review_end
BOOKKEEPER-384,missing_review_start;missing_review_end
BOOKKEEPER-385,missing_review_start;missing_review_end
BOOKKEEPER-386,missing_review_start;missing_review_end
BOOKKEEPER-387,missing_review_start;missing_review_end
BOOKKEEPER-388,missing_review_start;missing_review_end
BOOKKEEPER-389,missing_review_start;missing_review_end
BOOKKEEPER-392,missing_review_start;missing_review_end
BOOKKEEPER-393,missing_review_start;missing_review_end
BOOKKEEPER-394,missing_review_start;missing_review_end
BOOKKEEPER-395,missing_review_start;missing_review_end
BOOKKEEPER-396,missing_review_start;missing_review_end
BOOKKEEPER-397,missing_review_start;missing_review_end
BOOKKEEPER-398,missing_review_start;missing_review_end
BOOKKEEPER-399,missing_review_start;missing_review_end
BOOKKEEPER-400,missing_review_start;missing_review_end
BOOKKEEPER-401,missing_review_start;missing_review_end
BOOKKEEPER-402,missing_review_start;missing_review_end
BOOKKEEPER-403,missing_review_start;missing_review_end
BOOKKEEPER-404,missing_review_start;missing_review_end
BOOKKEEPER-405,missing_review_start;missing_review_end
BOOKKEEPER-406,missing_review_start;missing_review_end
BOOKKEEPER-407,missing_review_start;missing_review_end
BOOKKEEPER-408,missing_review_start;missing_review_end
BOOKKEEPER-409,missing_review_start;missing_review_end
BOOKKEEPER-410,missing_review_start;missing_review_end
BOOKKEEPER-411,missing_review_start;missing_review_end
BOOKKEEPER-412,missing_review_start;missing_review_end
BOOKKEEPER-413,missing_review_start;missing_review_end
BOOKKEEPER-414,missing_review_start;missing_review_end
BOOKKEEPER-415,missing_review_start;missing_review_end
BOOKKEEPER-416,missing_review_start;missing_review_end
BOOKKEEPER-417,missing_review_start;missing_review_end
BOOKKEEPER-418,missing_review_start;missing_review_end
BOOKKEEPER-419,missing_review_start;missing_review_end
BOOKKEEPER-420,missing_review_start;missing_review_end
BOOKKEEPER-421,missing_review_start;missing_review_end
BOOKKEEPER-422,missing_review_start;missing_review_end
BOOKKEEPER-423,missing_review_start;missing_review_end
BOOKKEEPER-424,missing_review_start;missing_review_end
BOOKKEEPER-425,missing_review_start;missing_review_end
BOOKKEEPER-426,missing_review_start;missing_review_end
BOOKKEEPER-427,missing_review_start;missing_review_end
BOOKKEEPER-428,missing_review_start;missing_review_end
BOOKKEEPER-429,missing_review_start;missing_review_end
BOOKKEEPER-430,missing_review_start;missing_review_end
BOOKKEEPER-431,missing_review_start;missing_review_end
BOOKKEEPER-432,missing_review_start;missing_review_end
BOOKKEEPER-433,missing_review_start;missing_review_end
BOOKKEEPER-434,missing_review_start;missing_review_end
BOOKKEEPER-435,missing_review_start;missing_review_end
BOOKKEEPER-436,missing_review_start;missing_review_end
BOOKKEEPER-437,missing_review_start;missing_review_end
BOOKKEEPER-438,missing_review_start;missing_review_end
BOOKKEEPER-439,missing_review_start;missing_review_end
BOOKKEEPER-440,missing_review_start;missing_review_end
BOOKKEEPER-441,missing_review_start;missing_review_end
BOOKKEEPER-442,missing_review_start;missing_review_end
BOOKKEEPER-443,missing_review_start;missing_review_end
BOOKKEEPER-444,missing_review_start;missing_review_end
BOOKKEEPER-445,missing_review_start;missing_review_end
BOOKKEEPER-446,missing_review_start;missing_review_end
BOOKKEEPER-447,missing_review_start;missing_review_end
BOOKKEEPER-448,missing_review_start;missing_review_end
BOOKKEEPER-449,missing_review_start;missing_review_end;missing_testing_end
BOOKKEEPER-450,missing_review_start;missing_review_end;missing_testing_end
BOOKKEEPER-451,missing_review_start;missing_review_end
BOOKKEEPER-452,missing_review_start;missing_review_end
BOOKKEEPER-453,missing_review_start;missing_review_end
BOOKKEEPER-454,missing_review_start;missing_review_end
BOOKKEEPER-455,missing_review_start;missing_review_end
BOOKKEEPER-456,missing_review_start;missing_review_end
BOOKKEEPER-457,missing_review_start;missing_review_end
BOOKKEEPER-458,missing_review_start;missing_review_end
BOOKKEEPER-459,missing_review_start;missing_review_end
BOOKKEEPER-460,missing_review_start;missing_review_end
BOOKKEEPER-461,missing_review_start;missing_review_end
BOOKKEEPER-462,missing_review_start;missing_review_end
BOOKKEEPER-463,missing_review_start;missing_review_end
BOOKKEEPER-464,missing_review_start;missing_review_end
BOOKKEEPER-465,missing_review_start;missing_review_end
BOOKKEEPER-466,missing_review_start;missing_review_end
BOOKKEEPER-467,missing_review_start;missing_review_end
BOOKKEEPER-468,missing_review_start;missing_review_end
BOOKKEEPER-469,missing_review_start;missing_review_end
BOOKKEEPER-470,missing_review_start;missing_review_end
BOOKKEEPER-471,missing_review_start;missing_review_end
BOOKKEEPER-472,missing_review_start;missing_review_end
BOOKKEEPER-473,missing_review_start;missing_review_end
BOOKKEEPER-474,missing_review_start;missing_review_end
BOOKKEEPER-475,missing_review_start;missing_review_end
BOOKKEEPER-476,missing_review_start;missing_review_end
BOOKKEEPER-477,missing_review_start;missing_review_end
BOOKKEEPER-479,missing_review_start;missing_review_end
BOOKKEEPER-480,missing_review_start;missing_review_end
BOOKKEEPER-481,missing_review_start;missing_review_end
BOOKKEEPER-482,missing_review_start;missing_review_end
BOOKKEEPER-483,missing_review_start;missing_review_end
BOOKKEEPER-484,missing_review_start;missing_review_end
BOOKKEEPER-485,missing_review_start;missing_review_end
BOOKKEEPER-486,missing_review_start;missing_review_end
BOOKKEEPER-487,missing_review_start;missing_review_end
BOOKKEEPER-488,missing_review_start;missing_review_end
BOOKKEEPER-489,missing_review_start;missing_review_end
BOOKKEEPER-490,missing_review_start;missing_review_end
BOOKKEEPER-491,missing_review_start;missing_review_end
BOOKKEEPER-492,missing_review_start;missing_review_end
BOOKKEEPER-493,missing_review_start;missing_review_end
BOOKKEEPER-494,missing_review_start;missing_review_end
BOOKKEEPER-495,missing_review_start;missing_review_end
BOOKKEEPER-496,missing_review_start;missing_review_end
BOOKKEEPER-497,missing_review_start;missing_review_end
BOOKKEEPER-498,missing_review_start;missing_review_end
BOOKKEEPER-499,missing_review_start;missing_review_end
BOOKKEEPER-500,missing_review_start;missing_review_end
BOOKKEEPER-501,missing_review_start;missing_review_end
BOOKKEEPER-502,missing_review_start;missing_review_end
BOOKKEEPER-503,missing_review_start;missing_review_end
BOOKKEEPER-504,missing_review_start;missing_review_end
BOOKKEEPER-505,missing_review_start;missing_review_end
BOOKKEEPER-506,missing_review_start;missing_review_end
BOOKKEEPER-507,missing_review_start;missing_review_end
BOOKKEEPER-508,missing_review_start;missing_review_end
BOOKKEEPER-509,missing_review_start;missing_review_end
BOOKKEEPER-510,missing_review_start;missing_review_end
BOOKKEEPER-511,missing_review_start;missing_review_end
BOOKKEEPER-512,missing_review_start;missing_review_end
BOOKKEEPER-513,missing_review_start;missing_review_end
BOOKKEEPER-514,missing_review_start;missing_review_end
BOOKKEEPER-515,missing_review_start;missing_review_end
BOOKKEEPER-516,missing_review_start;missing_review_end
BOOKKEEPER-517,missing_review_start;missing_review_end
BOOKKEEPER-518,missing_review_start;missing_review_end
BOOKKEEPER-519,missing_review_start;missing_review_end
BOOKKEEPER-520,missing_review_start;missing_review_end
BOOKKEEPER-521,missing_review_start;missing_review_end
BOOKKEEPER-522,missing_review_start;missing_review_end
BOOKKEEPER-523,missing_review_start;missing_review_end
BOOKKEEPER-524,missing_review_start;missing_review_end
BOOKKEEPER-525,missing_review_start;missing_review_end
BOOKKEEPER-526,missing_review_start;missing_review_end
BOOKKEEPER-527,missing_review_start;missing_review_end
BOOKKEEPER-528,missing_review_start;missing_review_end
BOOKKEEPER-529,missing_review_start;missing_review_end
BOOKKEEPER-530,missing_review_start;missing_review_end
BOOKKEEPER-531,missing_review_start;missing_review_end
BOOKKEEPER-532,missing_review_start;missing_review_end
BOOKKEEPER-533,missing_review_start;missing_review_end
BOOKKEEPER-534,missing_review_start;missing_review_end
BOOKKEEPER-535,missing_review_start;missing_review_end
BOOKKEEPER-536,missing_review_start;missing_review_end
BOOKKEEPER-537,missing_review_start;missing_review_end
BOOKKEEPER-538,missing_review_start;missing_review_end
BOOKKEEPER-539,missing_review_start;missing_review_end
BOOKKEEPER-540,missing_review_start;missing_review_end
BOOKKEEPER-541,missing_review_start;missing_review_end
BOOKKEEPER-542,missing_review_start;missing_review_end
BOOKKEEPER-543,missing_review_start;missing_review_end
BOOKKEEPER-544,missing_review_start;missing_review_end
BOOKKEEPER-545,missing_review_start;missing_review_end
BOOKKEEPER-546,missing_review_start;missing_review_end
BOOKKEEPER-548,missing_review_start;missing_review_end
BOOKKEEPER-549,missing_review_start;missing_review_end
BOOKKEEPER-550,missing_review_start;missing_review_end
BOOKKEEPER-551,missing_review_start;missing_review_end
BOOKKEEPER-554,missing_review_start;missing_review_end
BOOKKEEPER-555,missing_review_start;missing_review_end
BOOKKEEPER-556,missing_review_start;missing_review_end
BOOKKEEPER-557,missing_review_start;missing_review_end
BOOKKEEPER-558,missing_review_start;missing_review_end
BOOKKEEPER-559,missing_review_start;missing_review_end
BOOKKEEPER-560,missing_review_start;missing_review_end
BOOKKEEPER-561,missing_review_start;missing_review_end
BOOKKEEPER-562,missing_review_start;missing_review_end
BOOKKEEPER-563,missing_review_start;missing_review_end
BOOKKEEPER-564,missing_review_start;missing_review_end
BOOKKEEPER-565,missing_review_start;missing_review_end
BOOKKEEPER-566,missing_review_start;missing_review_end
BOOKKEEPER-567,missing_review_start;missing_review_end
BOOKKEEPER-568,missing_review_start;missing_review_end
BOOKKEEPER-569,missing_review_start;missing_review_end
BOOKKEEPER-570,missing_review_start;missing_review_end
BOOKKEEPER-571,missing_review_start;missing_review_end
BOOKKEEPER-572,missing_review_start;missing_review_end
BOOKKEEPER-573,missing_review_start;missing_review_end
BOOKKEEPER-574,missing_review_start;missing_review_end
BOOKKEEPER-575,missing_review_start;missing_review_end
BOOKKEEPER-576,missing_review_start;missing_review_end
BOOKKEEPER-577,missing_review_start;missing_review_end
BOOKKEEPER-579,missing_review_start;missing_review_end
BOOKKEEPER-580,missing_review_start;missing_review_end
BOOKKEEPER-581,missing_review_start;missing_review_end
BOOKKEEPER-582,missing_review_start;missing_review_end
BOOKKEEPER-583,missing_review_start;missing_review_end
BOOKKEEPER-584,missing_review_start;missing_review_end
BOOKKEEPER-585,missing_review_start;missing_review_end
BOOKKEEPER-586,missing_review_start;missing_review_end
BOOKKEEPER-587,missing_review_start;missing_review_end
BOOKKEEPER-589,missing_review_start;missing_review_end
BOOKKEEPER-590,missing_review_start;missing_review_end
BOOKKEEPER-591,missing_review_start;missing_review_end;missing_testing_end
BOOKKEEPER-592,missing_review_start;missing_review_end
BOOKKEEPER-593,missing_review_start;missing_review_end
BOOKKEEPER-595,missing_review_start;missing_review_end
BOOKKEEPER-596,missing_review_start;missing_review_end
BOOKKEEPER-597,missing_review_start;missing_review_end
BOOKKEEPER-598,missing_review_start;missing_review_end
BOOKKEEPER-599,missing_review_start;missing_review_end
BOOKKEEPER-600,missing_review_start;missing_review_end
BOOKKEEPER-601,missing_review_start;missing_review_end
BOOKKEEPER-602,missing_review_start;missing_review_end
BOOKKEEPER-603,missing_review_start;missing_review_end
BOOKKEEPER-604,missing_review_start;missing_review_end
BOOKKEEPER-605,missing_review_start;missing_review_end
BOOKKEEPER-606,missing_review_start;missing_review_end
BOOKKEEPER-607,missing_review_start;missing_review_end
BOOKKEEPER-608,missing_review_start;missing_review_end
BOOKKEEPER-609,missing_review_start;missing_review_end
BOOKKEEPER-610,missing_review_start;missing_review_end
BOOKKEEPER-611,missing_review_start;missing_review_end
BOOKKEEPER-613,missing_review_start;missing_review_end;missing_testing_end
BOOKKEEPER-614,missing_review_start;missing_review_end
BOOKKEEPER-615,missing_review_start;missing_review_end
BOOKKEEPER-616,missing_review_start;missing_review_end
BOOKKEEPER-617,missing_review_start;missing_review_end
BOOKKEEPER-618,missing_review_start;missing_review_end
BOOKKEEPER-619,missing_review_start;missing_review_end
BOOKKEEPER-620,missing_review_start;missing_review_end
BOOKKEEPER-621,missing_review_start;missing_review_end
BOOKKEEPER-622,missing_review_start;missing_review_end
BOOKKEEPER-623,missing_review_start;missing_review_end
BOOKKEEPER-624,missing_review_start;missing_review_end
BOOKKEEPER-625,missing_review_start;missing_review_end
BOOKKEEPER-626,missing_review_start;missing_review_end
BOOKKEEPER-627,missing_review_start;missing_review_end
BOOKKEEPER-629,missing_review_start;missing_review_end
BOOKKEEPER-630,missing_review_start;missing_review_end
BOOKKEEPER-631,missing_review_start;missing_review_end
BOOKKEEPER-632,missing_review_start;missing_review_end
BOOKKEEPER-633,missing_review_start;missing_review_end
BOOKKEEPER-634,missing_review_start;missing_review_end
BOOKKEEPER-635,missing_review_start;missing_review_end
BOOKKEEPER-636,missing_review_start;missing_review_end
BOOKKEEPER-637,missing_review_start;missing_review_end
BOOKKEEPER-638,missing_review_start;missing_review_end
BOOKKEEPER-639,missing_review_start;missing_review_end
BOOKKEEPER-640,missing_review_start;missing_review_end
BOOKKEEPER-641,missing_review_start;missing_review_end
BOOKKEEPER-642,missing_review_start;missing_review_end
BOOKKEEPER-643,missing_review_start;missing_review_end
BOOKKEEPER-644,missing_review_start;missing_review_end
BOOKKEEPER-645,missing_review_start;missing_review_end
BOOKKEEPER-646,missing_review_start;missing_review_end
BOOKKEEPER-647,missing_review_start;missing_review_end
BOOKKEEPER-648,missing_review_start;missing_review_end
BOOKKEEPER-649,missing_review_start;missing_review_end
BOOKKEEPER-650,missing_review_start;missing_review_end
BOOKKEEPER-651,missing_review_start;missing_review_end
BOOKKEEPER-652,missing_review_start;missing_review_end
BOOKKEEPER-653,missing_review_start;missing_review_end
BOOKKEEPER-654,missing_review_start;missing_review_end
BOOKKEEPER-655,missing_review_start;missing_review_end
BOOKKEEPER-656,missing_review_start;missing_review_end
BOOKKEEPER-657,missing_review_start;missing_review_end
BOOKKEEPER-658,missing_review_start;missing_review_end
BOOKKEEPER-659,missing_review_start;missing_review_end
BOOKKEEPER-660,missing_review_start;missing_review_end
BOOKKEEPER-661,missing_review_start;missing_review_end
BOOKKEEPER-662,missing_review_start;missing_review_end
BOOKKEEPER-663,missing_review_start;missing_review_end
BOOKKEEPER-664,missing_review_start;missing_review_end
BOOKKEEPER-665,missing_review_start;missing_review_end
BOOKKEEPER-666,missing_review_start;missing_review_end
BOOKKEEPER-667,missing_review_start;missing_review_end
BOOKKEEPER-668,missing_review_start;missing_review_end
BOOKKEEPER-669,missing_review_start;missing_review_end
BOOKKEEPER-670,missing_review_start;missing_review_end
BOOKKEEPER-671,missing_review_start;missing_review_end
BOOKKEEPER-672,missing_review_start;missing_review_end
BOOKKEEPER-673,missing_review_start;missing_review_end
BOOKKEEPER-674,missing_review_start;missing_review_end
BOOKKEEPER-675,missing_review_start;missing_review_end
BOOKKEEPER-676,missing_review_start;missing_review_end
BOOKKEEPER-677,missing_review_start;missing_review_end
BOOKKEEPER-678,missing_review_start;missing_review_end
BOOKKEEPER-679,missing_review_start;missing_review_end
BOOKKEEPER-681,missing_review_start;missing_review_end
BOOKKEEPER-682,missing_review_start;missing_review_end
BOOKKEEPER-683,missing_review_start;missing_review_end
BOOKKEEPER-684,missing_review_start;missing_review_end
BOOKKEEPER-685,missing_review_start;missing_review_end
BOOKKEEPER-686,missing_review_start;missing_review_end
BOOKKEEPER-687,missing_review_start;missing_review_end
BOOKKEEPER-688,missing_review_start;missing_review_end
BOOKKEEPER-689,missing_review_start;missing_review_end
BOOKKEEPER-690,missing_review_start;missing_review_end
BOOKKEEPER-695,missing_review_start;missing_review_end
BOOKKEEPER-696,missing_review_start;missing_review_end
BOOKKEEPER-697,missing_review_start;missing_review_end
BOOKKEEPER-698,missing_review_start;missing_review_end
BOOKKEEPER-699,missing_review_start;missing_review_end
BOOKKEEPER-700,missing_review_start;missing_review_end
BOOKKEEPER-701,missing_review_start;missing_review_end
BOOKKEEPER-702,missing_review_start;missing_review_end
BOOKKEEPER-703,missing_review_start;missing_review_end
BOOKKEEPER-704,missing_review_start;missing_review_end
BOOKKEEPER-705,missing_review_start;missing_review_end
BOOKKEEPER-706,missing_review_start;missing_review_end
BOOKKEEPER-707,missing_review_start;missing_review_end
BOOKKEEPER-708,missing_review_start;missing_review_end
BOOKKEEPER-709,missing_review_start;missing_review_end
BOOKKEEPER-710,missing_review_start;missing_review_end
BOOKKEEPER-770,missing_review_start;missing_review_end
BOOKKEEPER-711,missing_review_start;missing_review_end
BOOKKEEPER-712,missing_review_start;missing_review_end
BOOKKEEPER-713,missing_review_start;missing_review_end
BOOKKEEPER-714,missing_review_start;missing_review_end
BOOKKEEPER-715,missing_review_start;missing_review_end
BOOKKEEPER-716,missing_review_start;missing_review_end
BOOKKEEPER-717,missing_review_start;missing_review_end
BOOKKEEPER-718,missing_review_start;missing_review_end;missing_testing_end
BOOKKEEPER-719,missing_review_start;missing_review_end
BOOKKEEPER-720,missing_review_start;missing_review_end
BOOKKEEPER-721,missing_review_start;missing_review_end;missing_testing_end
BOOKKEEPER-722,missing_review_start;missing_review_end;missing_testing_end
BOOKKEEPER-723,missing_review_start;missing_review_end;missing_testing_end
BOOKKEEPER-724,missing_review_start;missing_review_end
BOOKKEEPER-725,missing_review_start;missing_review_end
BOOKKEEPER-726,missing_review_start;missing_review_end
BOOKKEEPER-727,missing_review_start;missing_review_end
BOOKKEEPER-728,missing_review_start;missing_review_end
BOOKKEEPER-729,missing_review_start;missing_review_end
BOOKKEEPER-730,missing_review_start;missing_review_end
BOOKKEEPER-731,missing_review_start;missing_review_end
BOOKKEEPER-732,missing_review_start;missing_review_end
BOOKKEEPER-733,missing_review_start;missing_review_end;missing_testing_end
BOOKKEEPER-734,missing_review_start;missing_review_end
BOOKKEEPER-735,missing_review_start;missing_review_end
BOOKKEEPER-736,missing_review_start;missing_review_end
BOOKKEEPER-737,missing_review_start;missing_review_end
BOOKKEEPER-738,missing_review_start;missing_review_end
BOOKKEEPER-739,missing_review_start;missing_review_end
BOOKKEEPER-740,missing_review_start;missing_review_end
BOOKKEEPER-741,missing_review_start;missing_review_end
BOOKKEEPER-742,missing_review_start;missing_review_end
BOOKKEEPER-743,missing_review_start;missing_review_end
BOOKKEEPER-744,missing_review_start;missing_review_end
BOOKKEEPER-745,missing_review_start;missing_review_end
BOOKKEEPER-746,missing_review_start;missing_review_end
BOOKKEEPER-747,missing_review_start;missing_review_end
BOOKKEEPER-749,missing_review_start;missing_review_end;missing_testing_end
BOOKKEEPER-750,missing_review_start;missing_review_end
BOOKKEEPER-751,missing_review_start;missing_review_end
BOOKKEEPER-752,missing_review_start;missing_review_end
BOOKKEEPER-755,missing_review_start;missing_review_end
BOOKKEEPER-756,missing_review_start;missing_review_end
BOOKKEEPER-757,missing_review_start;missing_review_end
BOOKKEEPER-758,missing_review_start;missing_review_end
BOOKKEEPER-760,missing_review_start;missing_review_end
BOOKKEEPER-761,missing_review_start;missing_review_end
BOOKKEEPER-762,missing_review_start;missing_review_end
BOOKKEEPER-763,missing_review_start;missing_review_end
BOOKKEEPER-764,missing_review_start;missing_review_end
BOOKKEEPER-765,missing_review_start;missing_review_end
BOOKKEEPER-766,missing_review_start;missing_review_end
BOOKKEEPER-767,missing_review_start;missing_review_end
BOOKKEEPER-768,missing_review_start;missing_review_end
BOOKKEEPER-771,missing_review_start;missing_review_end
BOOKKEEPER-773,missing_review_start;missing_review_end
BOOKKEEPER-774,missing_review_start;missing_review_end
BOOKKEEPER-775,missing_review_start;missing_review_end
BOOKKEEPER-776,missing_review_start;missing_review_end
BOOKKEEPER-777,missing_review_start;missing_review_end
BOOKKEEPER-778,missing_review_start;missing_review_end
BOOKKEEPER-779,missing_review_start;missing_review_end
BOOKKEEPER-780,missing_review_start;missing_review_end
BOOKKEEPER-781,missing_review_start;missing_review_end
BOOKKEEPER-782,missing_review_start;missing_review_end
BOOKKEEPER-783,missing_review_start;missing_review_end
BOOKKEEPER-784,missing_review_start;missing_review_end
BOOKKEEPER-785,missing_review_start;missing_review_end
BOOKKEEPER-786,missing_review_start;missing_review_end
BOOKKEEPER-787,missing_review_start;missing_review_end
BOOKKEEPER-788,missing_review_start;missing_review_end
BOOKKEEPER-789,missing_review_start;missing_review_end
BOOKKEEPER-790,missing_review_start;missing_review_end
BOOKKEEPER-791,missing_review_start;missing_review_end
BOOKKEEPER-792,missing_review_start;missing_review_end;missing_testing_end
BOOKKEEPER-793,missing_review_start;missing_review_end
BOOKKEEPER-794,missing_review_start;missing_review_end
BOOKKEEPER-795,missing_review_start;missing_review_end
BOOKKEEPER-796,missing_review_start;missing_review_end
BOOKKEEPER-797,missing_review_start;missing_review_end
BOOKKEEPER-798,missing_review_start;missing_review_end
BOOKKEEPER-799,missing_review_start;missing_review_end
BOOKKEEPER-800,missing_review_start;missing_review_end
BOOKKEEPER-801,missing_review_start;missing_review_end
BOOKKEEPER-802,missing_review_start;missing_review_end
BOOKKEEPER-803,missing_review_start;missing_review_end
BOOKKEEPER-804,missing_review_start;missing_review_end
BOOKKEEPER-805,missing_review_start;missing_review_end
BOOKKEEPER-806,missing_review_start;missing_review_end
BOOKKEEPER-807,missing_review_start;missing_review_end;missing_testing_end
BOOKKEEPER-808,missing_review_start;missing_review_end;missing_testing_end
BOOKKEEPER-809,missing_review_start;missing_review_end
BOOKKEEPER-810,missing_review_start;missing_review_end
BOOKKEEPER-811,missing_review_start;missing_review_end
BOOKKEEPER-812,missing_review_start;missing_review_end;missing_testing_end
BOOKKEEPER-813,missing_review_start;missing_review_end
BOOKKEEPER-814,missing_review_start;missing_review_end
BOOKKEEPER-815,missing_review_start;missing_review_end
BOOKKEEPER-817,missing_review_start;missing_review_end;missing_testing_end
BOOKKEEPER-819,missing_review_start;missing_review_end;missing_testing_end
BOOKKEEPER-820,missing_review_start;missing_review_end
BOOKKEEPER-821,missing_review_start;missing_review_end
BOOKKEEPER-822,missing_review_start;missing_review_end;missing_testing_end
BOOKKEEPER-823,missing_review_start;missing_review_end
BOOKKEEPER-824,missing_review_start;missing_review_end;missing_testing_end
BOOKKEEPER-825,missing_review_start;missing_review_end;missing_testing_end
BOOKKEEPER-826,missing_review_start;missing_review_end
BOOKKEEPER-827,missing_review_start;missing_review_end
BOOKKEEPER-828,missing_review_start;missing_review_end
BOOKKEEPER-829,missing_review_start;missing_review_end
BOOKKEEPER-830,missing_review_start;missing_review_end
BOOKKEEPER-831,missing_review_start;missing_review_end
BOOKKEEPER-832,missing_review_start;missing_review_end
BOOKKEEPER-833,missing_review_start;missing_review_end
BOOKKEEPER-834,missing_review_start;missing_review_end
BOOKKEEPER-835,missing_review_start;missing_review_end
BOOKKEEPER-836,missing_review_start;missing_review_end
BOOKKEEPER-837,missing_review_start;missing_review_end
BOOKKEEPER-838,missing_review_start;missing_review_end
BOOKKEEPER-839,missing_review_start;missing_review_end
BOOKKEEPER-840,missing_review_start;missing_review_end
BOOKKEEPER-842,missing_review_start;missing_review_end;missing_testing_end
BOOKKEEPER-843,missing_review_start;missing_review_end
BOOKKEEPER-844,missing_review_start;missing_review_end
BOOKKEEPER-845,missing_review_start;missing_review_end
BOOKKEEPER-846,missing_review_start;missing_review_end
BOOKKEEPER-847,missing_review_start;missing_review_end
BOOKKEEPER-848,missing_review_start;missing_review_end
BOOKKEEPER-849,missing_review_start;missing_review_end
BOOKKEEPER-850,missing_review_start;missing_review_end
BOOKKEEPER-853,missing_review_start;missing_review_end;missing_testing_end
BOOKKEEPER-854,missing_review_start;missing_review_end
BOOKKEEPER-856,missing_review_start;missing_review_end;missing_testing_end
BOOKKEEPER-857,missing_review_start;missing_review_end
BOOKKEEPER-858,missing_review_start;missing_review_end
BOOKKEEPER-859,missing_review_start;missing_review_end
BOOKKEEPER-860,missing_review_start;missing_review_end;missing_testing_end
BOOKKEEPER-861,missing_review_start;missing_review_end
BOOKKEEPER-862,missing_review_start;missing_review_end
BOOKKEEPER-863,missing_review_start;missing_review_end
BOOKKEEPER-864,missing_review_start;missing_review_end;missing_testing_end
BOOKKEEPER-865,missing_review_start;missing_review_end;missing_testing_end
BOOKKEEPER-866,missing_review_start;missing_review_end
BOOKKEEPER-867,missing_review_start;missing_review_end
BOOKKEEPER-868,missing_review_start;missing_review_end
BOOKKEEPER-869,missing_review_start;missing_review_end;missing_testing_end
BOOKKEEPER-871,missing_review_start;missing_review_end
BOOKKEEPER-872,missing_review_start;missing_review_end
BOOKKEEPER-875,missing_review_start;missing_review_end;missing_testing_end
BOOKKEEPER-876,missing_review_start;missing_review_end
BOOKKEEPER-877,missing_review_start;missing_review_end
BOOKKEEPER-878,missing_review_start;missing_review_end;missing_testing_end
BOOKKEEPER-882,missing_review_start;missing_review_end;missing_testing_end
BOOKKEEPER-884,missing_review_start;missing_review_end
BOOKKEEPER-887,missing_review_start;missing_review_end
BOOKKEEPER-905,missing_review_start;missing_review_end;missing_testing_end
BOOKKEEPER-906,missing_review_start;missing_review_end
BOOKKEEPER-909,missing_review_start;missing_review_end
BOOKKEEPER-910,missing_review_start;missing_review_end
BOOKKEEPER-915,missing_review_start;missing_review_end;missing_testing_end
BOOKKEEPER-916,missing_review_start;missing_review_end;missing_testing_end
BOOKKEEPER-918,missing_review_start;missing_review_end;missing_testing_end
BOOKKEEPER-921,missing_review_start;missing_review_end
BOOKKEEPER-923,missing_review_start;missing_review_end
BOOKKEEPER-928,missing_review_start;missing_review_end
BOOKKEEPER-929,missing_review_start;missing_review_end;missing_testing_end
BOOKKEEPER-931,missing_review_start;missing_review_end
BOOKKEEPER-934,missing_review_start;missing_review_end;missing_testing_end
BOOKKEEPER-936,missing_review_start;missing_review_end;missing_testing_end
BOOKKEEPER-942,missing_review_start;missing_review_end;missing_testing_end
BOOKKEEPER-947,missing_review_start;missing_review_end
BOOKKEEPER-951,missing_review_start;missing_review_end;missing_testing_end
BOOKKEEPER-953,missing_review_start;missing_review_end;missing_testing_end
BOOKKEEPER-954,missing_review_start;missing_review_end;missing_testing_end
BOOKKEEPER-960,missing_review_start;missing_review_end;missing_testing_end
BOOKKEEPER-969,missing_review_start;missing_review_end
BOOKKEEPER-972,missing_review_start;missing_review_end;missing_testing_end
BOOKKEEPER-973,missing_review_start;missing_review_end
BOOKKEEPER-975,missing_review_start;missing_review_end;missing_testing_end
BOOKKEEPER-977,missing_review_start;missing_review_end;missing_testing_end
BOOKKEEPER-978,missing_review_start;missing_review_end
BOOKKEEPER-979,missing_review_start;missing_review_end;missing_testing_end
BOOKKEEPER-981,missing_review_start;missing_review_end
BOOKKEEPER-982,missing_review_start;missing_review_end;missing_testing_end
BOOKKEEPER-985,missing_review_start;missing_review_end;missing_testing_end
BOOKKEEPER-990,missing_review_start;missing_review_end;missing_testing_end
BOOKKEEPER-995,missing_review_start;missing_review_end;missing_testing_end
BOOKKEEPER-1000,missing_review_start;missing_review_end;missing_testing_end
BOOKKEEPER-1002,missing_review_start;missing_review_end
BOOKKEEPER-1005,missing_review_start;missing_review_end;missing_testing_end
BOOKKEEPER-1006,missing_review_start;missing_review_end;missing_testing_end
BOOKKEEPER-1011,missing_review_start;missing_review_end;missing_testing_end
BOOKKEEPER-1012,missing_review_start;missing_review_end
BOOKKEEPER-1014,missing_review_start;missing_review_end
BOOKKEEPER-1016,missing_review_start;missing_review_end
BOOKKEEPER-1023,missing_review_start;missing_review_end
BOOKKEEPER-1024,missing_review_start;missing_review_end
BOOKKEEPER-1025,missing_review_start;missing_review_end;missing_testing_end
BOOKKEEPER-1026,missing_review_start;missing_review_end;missing_testing_end
BOOKKEEPER-1030,missing_review_start;missing_review_end;missing_testing_end
BOOKKEEPER-1032,missing_review_start;missing_review_end
BOOKKEEPER-1035,missing_review_start;missing_review_end
BOOKKEEPER-1036,missing_review_start;missing_review_end
BOOKKEEPER-1037,missing_review_start;missing_review_end
BOOKKEEPER-1041,missing_review_start;missing_review_end;missing_testing_end
BOOKKEEPER-1049,missing_review_start;missing_review_end;missing_testing_end
BOOKKEEPER-1072,missing_review_start;missing_review_end
BOOKKEEPER-1076,missing_review_start;missing_review_end
BOOKKEEPER-1080,missing_review_start;missing_review_end
BOOKKEEPER-1082,missing_review_start;missing_review_end;missing_testing_end
BOOKKEEPER-1091,missing_review_start;missing_review_end
BOOKKEEPER-1094,missing_review_start;missing_review_end
BOOKKEEPER-1099,missing_review_start;missing_review_end;missing_testing_end
BOOKKEEPER-1101,missing_review_start;missing_review_end
BOOKKEEPER-1107,missing_review_start;missing_review_end;missing_testing_end
